run_id,reference_file,reference_sheet,network,function,mml_object,parameter_id,recommend_value,status,input_files,config_sheet,config_column,bit_name,objects_checked,match_count,mismatch_count,actual_top,remark
15Sep26_folders,Reference Parameter_v1.0.xlsx,NR Performance,5G,Others,NRCELLALGOSWITCH,NR_NR_ANR_SW@AnrSwitch,1,Mixed / Partial,5G_ConfigurationData_15Sep26.xlsb,NRCellAlgoSwitch,ANR Switch,NR_NR_ANR_SW,673,670,3,5G_ConfigurationData_15Sep26.xlsb: 1 (670) | 5G_ConfigurationData_15Sep26.xlsb: 0 (3),5G_ConfigurationData_15Sep26.xlsb: OK
15Sep26_folders,Reference Parameter_v1.0.xlsx,NR Performance,5G,Others,NRCELLALGOSWITCH,NR_NR_FAST_ANR_SW@AnrSwitch,0,Consistent,5G_ConfigurationData_15Sep26.xlsb,NRCellAlgoSwitch,ANR Switch,NR_NR_FAST_ANR_SW,673,673,0,5G_ConfigurationData_15Sep26.xlsb: 0 (673),5G_ConfigurationData_15Sep26.xlsb: OK
15Sep26_folders,Reference Parameter_v1.0.xlsx,NR Performance,5G,Others,NRCELLALGOSWITCH,AUTO_NR_FREQ_RELATION_SW@AnrSwitch,0,Consistent,5G_ConfigurationData_15Sep26.xlsb,NRCellAlgoSwitch,ANR Switch,AUTO_NR_FREQ_RELATION_SW,673,673,0,5G_ConfigurationData_15Sep26.xlsb: 0 (673),5G_ConfigurationData_15Sep26.xlsb: OK
15Sep26_folders,Reference Parameter_v1.0.xlsx,NR Performance,5G,Others,NRCELLALGOSWITCH,NR_NR_ANR_AUTO_NO_HO_SW@AnrSwitch,1,Mixed / Partial,5G_ConfigurationData_15Sep26.xlsb,NRCellAlgoSwitch,ANR Switch,NR_NR_ANR_AUTO_NO_HO_SW,673,670,3,5G_ConfigurationData_15Sep26.xlsb: 1 (670) | 5G_ConfigurationData_15Sep26.xlsb: 0 (3),5G_ConfigurationData_15Sep26.xlsb: OK
15Sep26_folders,Reference Parameter_v1.0.xlsx,NR Performance,5G,Others,NRCellAlgoSwitch,NR_NR_ANR_DEL_SW@AnrSwitch,1,Mixed / Partial,5G_ConfigurationData_15Sep26.xlsb,NRCellAlgoSwitch,ANR Switch,NR_NR_ANR_DEL_SW,673,670,3,5G_ConfigurationData_15Sep26.xlsb: 1 (670) | 5G_ConfigurationData_15Sep26.xlsb: 0 (3),5G_ConfigurationData_15Sep26.xlsb: OK
15Sep26_folders,Reference Parameter_v1.0.xlsx,NR Performance,5G,Others,NRCELLANR,PeriodForDelNrt,7,Consistent,5G_ConfigurationData_15Sep26.xlsb,NRCellAnr,Period for Delete NRT(day),,673,673,0,5G_ConfigurationData_15Sep26.xlsb: 7 (673),5G_ConfigurationData_15Sep26.xlsb: OK
15Sep26_folders,Reference Parameter_v1.0.xlsx,NR Performance,5G,Others,NRCELLANR,AutoDelNCellPenaltyPeriod,10080,Consistent,5G_ConfigurationData_15Sep26.xlsb,NRCellAnr,Auto Deleted Neighbor Cell Penalty Period(min),,673,673,0,5G_ConfigurationData_15Sep26.xlsb: 10080 (673),5G_ConfigurationData_15Sep26.xlsb: OK
15Sep26_folders,Reference Parameter_v1.0.xlsx,NR Performance,5G,Others,NRCELLANR,AutoDelNCellPenaltyNum,50,Mixed / Partial,5G_ConfigurationData_15Sep26.xlsb,NRCellAnr,Auto Deleted Neighbor Cell Penalty Number,,673,666,7,5G_ConfigurationData_15Sep26.xlsb: 50 (666) | 5G_ConfigurationData_15Sep26.xlsb: 1 (7),5G_ConfigurationData_15Sep26.xlsb: OK
15Sep26_folders,Reference Parameter_v1.0.xlsx,NR Performance,5G,Others,NRCELLANR,NrNCellNoHoResIntvl,1,Mixed / Partial,5G_ConfigurationData_15Sep26.xlsb,NRCellAnr,NR Neighbor Cell No HO Restore Interval(day),,673,670,3,5G_ConfigurationData_15Sep26.xlsb: 1 (670) | 5G_ConfigurationData_15Sep26.xlsb: 30 (3),5G_ConfigurationData_15Sep26.xlsb: OK
15Sep26_folders,Reference Parameter_v1.0.xlsx,NR Performance,5G,Others,NRDUCELLFEATURESW,AHR_PHASE1_SW@AHRSWITCH,,No Recommend Value,5G_ConfigurationData_15Sep26.xlsb,NRDUCellFeatureSw,AHR Switch,AHR_PHASE1_SW,673,0,0,5G_ConfigurationData_15Sep26.xlsb: 1 (655) | 5G_ConfigurationData_15Sep26.xlsb: 0 (18),5G_ConfigurationData_15Sep26.xlsb: Reference recommend value is empty; parameter not audited for inconsistency
15Sep26_folders,Reference Parameter_v1.0.xlsx,NR Performance,5G,Others,NRDUCELLCSIRS,CSIRSCELLRESOURCENUM,,No Recommend Value,5G_ConfigurationData_15Sep26.xlsb,NRDUCellCsirs,CSIRS Cell Resource Number,,673,0,0,5G_ConfigurationData_15Sep26.xlsb: FD_RESOURCE (672) | 5G_ConfigurationData_15Sep26.xlsb: 4_RESOURCE (1),5G_ConfigurationData_15Sep26.xlsb: Reference recommend value is empty; parameter not audited for inconsistency
15Sep26_folders,Reference Parameter_v1.0.xlsx,NR Performance,5G,Others,NRDUCELLCSIRS,CSIRSBEAMTYPE,,No Recommend Value,5G_ConfigurationData_15Sep26.xlsb,NRDUCellCsirs,CSI-RS Beam Type,,673,0,0,5G_ConfigurationData_15Sep26.xlsb: TYPE0 (673),5G_ConfigurationData_15Sep26.xlsb: Reference recommend value is empty; parameter not audited for inconsistency
15Sep26_folders,Reference Parameter_v1.0.xlsx,NR Performance,5G,Others,NRDUCELLCSIRS,CSIRS_INTRF_STATIC_AVOID_SW@CSISWITCH,,No Recommend Value,5G_ConfigurationData_15Sep26.xlsb,NRDUCellCsirs,CSI Switch,CSIRS_INTRF_STATIC_AVOID_SW,673,0,0,5G_ConfigurationData_15Sep26.xlsb: 1 (672) | 5G_ConfigurationData_15Sep26.xlsb: 0 (1),5G_ConfigurationData_15Sep26.xlsb: Reference recommend value is empty; parameter not audited for inconsistency
15Sep26_folders,Reference Parameter_v1.0.xlsx,NR Performance,5G,Others,NRDUCELLPDSCH,FIXEDAMCSTEPVALUE,,No Recommend Value,5G_ConfigurationData_15Sep26.xlsb,NRDUCellPdsch,Fixed AMC Step Value,,673,0,0,5G_ConfigurationData_15Sep26.xlsb: 40 (672) | 5G_ConfigurationData_15Sep26.xlsb: 20 (1),5G_ConfigurationData_15Sep26.xlsb: Reference recommend value is empty; parameter not audited for inconsistency
15Sep26_folders,Reference Parameter_v1.0.xlsx,NR Performance,5G,Others,NRDUCELLPDSCH,DLINITIALMCSADJVALUE,,No Recommend Value,5G_ConfigurationData_15Sep26.xlsb,NRDUCellPdsch,Downlink Initial MCS Adjust Value,,673,0,0,5G_ConfigurationData_15Sep26.xlsb: 0 (672) | 5G_ConfigurationData_15Sep26.xlsb: -4 (1),5G_ConfigurationData_15Sep26.xlsb: Reference recommend value is empty; parameter not audited for inconsistency
15Sep26_folders,Reference Parameter_v1.0.xlsx,NR Performance,5G,Others,NRDUCELLPDSCH,DLDELAYSCHBUFFERTHLD,,No Recommend Value,5G_ConfigurationData_15Sep26.xlsb,NRDUCellPdsch,DL Delay Schedule Buffer Threshold,,673,0,0,5G_ConfigurationData_15Sep26.xlsb: 1 (673),5G_ConfigurationData_15Sep26.xlsb: Reference recommend value is empty; parameter not audited for inconsistency
15Sep26_folders,Reference Parameter_v1.0.xlsx,NR Performance,5G,Others,NRDUCELLPDSCH,DLSCHOPTTIMETHLD,,No Recommend Value,5G_ConfigurationData_15Sep26.xlsb,NRDUCellPdsch,Downlink Schedule Opt Time Threshold(slot),,673,0,0,5G_ConfigurationData_15Sep26.xlsb: 300 (672) | 5G_ConfigurationData_15Sep26.xlsb: 0 (1),5G_ConfigurationData_15Sep26.xlsb: Reference recommend value is empty; parameter not audited for inconsistency
15Sep26_folders,Reference Parameter_v1.0.xlsx,NR Performance,5G,Others,NRDUCELLSERVEXP,EXP_BASED_MM_ADAPT_SCH_SW@SERVICEEXPALGOSWITCH,,No Recommend Value,5G_ConfigurationData_15Sep26.xlsb,NRDUCellServExp,Service Experience Algorithm Switch,EXP_BASED_MM_ADAPT_SCH_SW,673,0,0,5G_ConfigurationData_15Sep26.xlsb: 1 (655) | 5G_ConfigurationData_15Sep26.xlsb: 0 (18),5G_ConfigurationData_15Sep26.xlsb: Reference recommend value is empty; parameter not audited for inconsistency
15Sep26_folders,Reference Parameter_v1.0.xlsx,NR Performance,5G,Others,NRDUCELLSERVEXP,RES_BASED_MM_ADAPT_SCH_SW@SERVICEEXPALGOSWITCH,,No Recommend Value,5G_ConfigurationData_15Sep26.xlsb,NRDUCellServExp,Service Experience Algorithm Switch,RES_BASED_MM_ADAPT_SCH_SW,673,0,0,5G_ConfigurationData_15Sep26.xlsb: 1 (655) | 5G_ConfigurationData_15Sep26.xlsb: 0 (18),5G_ConfigurationData_15Sep26.xlsb: Reference recommend value is empty; parameter not audited for inconsistency
15Sep26_folders,Reference Parameter_v1.0.xlsx,NR Performance,5G,Others,NRDUCELLFEATURESW,AHR_EXP_TURBO_PHASE2_SW@AHRSWITCH,,No Recommend Value,5G_ConfigurationData_15Sep26.xlsb,NRDUCellFeatureSw,AHR Switch,AHR_EXP_TURBO_PHASE2_SW,673,0,0,5G_ConfigurationData_15Sep26.xlsb: 1 (655) | 5G_ConfigurationData_15Sep26.xlsb: 0 (18),5G_ConfigurationData_15Sep26.xlsb: Reference recommend value is empty; parameter not audited for inconsistency
15Sep26_folders,Reference Parameter_v1.0.xlsx,NR Performance,5G,Others,NRDUCELLPDSCH,TAIL_PKT_SCH_OPT_SW@DLPDSCHALGOSWITCH,,No Recommend Value,5G_ConfigurationData_15Sep26.xlsb,NRDUCellPdsch,Downlink PDSCH Algorithm Switch,TAIL_PKT_SCH_OPT_SW,673,0,0,5G_ConfigurationData_15Sep26.xlsb: 1 (672) | 5G_ConfigurationData_15Sep26.xlsb: 0 (1),5G_ConfigurationData_15Sep26.xlsb: Reference recommend value is empty; parameter not audited for inconsistency
15Sep26_folders,Reference Parameter_v1.0.xlsx,NR Performance,5G,Others,NRDUCELLSRS,BEAM_SPECIFIC_SRS_DENOISE_SW@SRSDETECTIONALGOSWITCH,,No Recommend Value,5G_ConfigurationData_15Sep26.xlsb,NRDUCellSrs,SRS Detection Algorithm Switch,BEAM_SPECIFIC_SRS_DENOISE_SW,673,0,0,5G_ConfigurationData_15Sep26.xlsb: 1 (565) | 5G_ConfigurationData_15Sep26.xlsb: 0 (108),5G_ConfigurationData_15Sep26.xlsb: Reference recommend value is empty; parameter not audited for inconsistency
15Sep26_folders,Reference Parameter_v1.0.xlsx,NR Performance,5G,Others,NRDUCELLSRSMEAS,SRSINTRFTHLD,,No Recommend Value,5G_ConfigurationData_15Sep26.xlsb,NRDUCellSrsMeas,SRS Interference Threshold(dB),,673,0,0,5G_ConfigurationData_15Sep26.xlsb: 5 (673),5G_ConfigurationData_15Sep26.xlsb: Reference recommend value is empty; parameter not audited for inconsistency
15Sep26_folders,Reference Parameter_v1.0.xlsx,NR Performance,5G,Others,NRDUCELLULPCCONFIG,INTRFUESRSPCMINSINRTARGET,,No Recommend Value,5G_ConfigurationData_15Sep26.xlsb,NRDUCellUlPcConfig,Intrf UE SRS Pwr Ctrl Min SINR Target(0.1dB),,673,0,0,5G_ConfigurationData_15Sep26.xlsb: 50 (672) | 5G_ConfigurationData_15Sep26.xlsb: 10 (1),5G_ConfigurationData_15Sep26.xlsb: Reference recommend value is empty; parameter not audited for inconsistency
15Sep26_folders,Reference Parameter_v1.0.xlsx,NR Performance,5G,Others,NRDUCELLULPCCONFIG,MAXSRSPOADJUSTAMOUNT,,No Recommend Value,5G_ConfigurationData_15Sep26.xlsb,NRDUCellUlPcConfig,Max SRS PO Adjustment Amount(dB),,673,0,0,5G_ConfigurationData_15Sep26.xlsb: 6 (672) | 5G_ConfigurationData_15Sep26.xlsb: 10 (1),5G_ConfigurationData_15Sep26.xlsb: Reference recommend value is empty; parameter not audited for inconsistency
15Sep26_folders,Reference Parameter_v1.0.xlsx,NR Performance,5G,Others,NRDUCELLALGOSWITCH,LOW_SNR_CHN_DENOISE_SW@ADAPTIVEEDGEEXPENHSWITCH,0,Mixed / Partial,5G_ConfigurationData_15Sep26.xlsb,NRDUCellAlgoSwitch,Adaptive Edge Experience Enhance Switch,LOW_SNR_CHN_DENOISE_SW,673,619,54,5G_ConfigurationData_15Sep26.xlsb: 0 (619) | 5G_ConfigurationData_15Sep26.xlsb: 1 (54),5G_ConfigurationData_15Sep26.xlsb: OK
15Sep26_folders,Reference Parameter_v1.0.xlsx,NR Performance,5G,Others,NRDUCELLDLAMC,DL_MCS_ADJ_OPT_SW@DLAMCALGOSW,,No Recommend Value,5G_ConfigurationData_15Sep26.xlsb,NRDUCellDlAmc,Downlink AMC Algorithm Switch,DL_MCS_ADJ_OPT_SW,673,0,0,5G_ConfigurationData_15Sep26.xlsb: 1 (670) | 5G_ConfigurationData_15Sep26.xlsb: 0 (3),5G_ConfigurationData_15Sep26.xlsb: Reference recommend value is empty; parameter not audited for inconsistency
15Sep26_folders,Reference Parameter_v1.0.xlsx,NR Performance,5G,Others,NRDUCELLDLRANK,RANK_AND_SINR_ESTIMATE_OPT_SW@DLRANKSELALGOSW,,No Recommend Value,5G_ConfigurationData_15Sep26.xlsb,NRDUCellDlRank,DL Rank Selection Algorithm Switch,RANK_AND_SINR_ESTIMATE_OPT_SW,673,0,0,5G_ConfigurationData_15Sep26.xlsb: 1 (672) | 5G_ConfigurationData_15Sep26.xlsb: 0 (1),5G_ConfigurationData_15Sep26.xlsb: Reference recommend value is empty; parameter not audited for inconsistency
15Sep26_folders,Reference Parameter_v1.0.xlsx,NR Performance,5G,Others,NRDUCELLAIALGO,DL_SU_MCS_INTEL_OPT_SW@AIAMCALGOSWITCH,,No Recommend Value,5G_ConfigurationData_15Sep26.xlsb,NRDUCellAiAlgo,AI AMC Algorithm Switch,DL_SU_MCS_INTEL_OPT_SW,673,0,0,5G_ConfigurationData_15Sep26.xlsb: 1 (672) | 5G_ConfigurationData_15Sep26.xlsb: 0 (1),5G_ConfigurationData_15Sep26.xlsb: Reference recommend value is empty; parameter not audited for inconsistency
15Sep26_folders,Reference Parameter_v1.0.xlsx,NR Performance,5G,Others,NRDUCELLAIALGO,DLSUPREDICTERRORUPPERLIMIT,,No Recommend Value,5G_ConfigurationData_15Sep26.xlsb,NRDUCellAiAlgo,DL SU-MIMO Predict Error Upper Limit,,673,0,0,5G_ConfigurationData_15Sep26.xlsb: 5 (673),5G_ConfigurationData_15Sep26.xlsb: Reference recommend value is empty; parameter not audited for inconsistency
15Sep26_folders,Reference Parameter_v1.0.xlsx,NR Performance,5G,Others,NRDUCELLDLSCH,DL_RLC_STATUS_RPT_AWARE_SCH_SW@DLSCHALGOSWITCH,,No Recommend Value,5G_ConfigurationData_15Sep26.xlsb,NRDUCellDlSch,Downlink Schedule Algorithm Switch,DL_RLC_STATUS_RPT_AWARE_SCH_SW,673,0,0,5G_ConfigurationData_15Sep26.xlsb: 1 (672) | 5G_ConfigurationData_15Sep26.xlsb: 0 (1),5G_ConfigurationData_15Sep26.xlsb: Reference recommend value is empty; parameter not audited for inconsistency
15Sep26_folders,Reference Parameter_v1.0.xlsx,NR Performance,5G,Others,NRDUCELLDLSCH,DL_SLOT_AWARE_SCH_SW@DLSCHALGOSWITCH,,No Recommend Value,5G_ConfigurationData_15Sep26.xlsb,NRDUCellDlSch,Downlink Schedule Algorithm Switch,DL_SLOT_AWARE_SCH_SW,673,0,0,5G_ConfigurationData_15Sep26.xlsb: 1 (672) | 5G_ConfigurationData_15Sep26.xlsb: 0 (1),5G_ConfigurationData_15Sep26.xlsb: Reference recommend value is empty; parameter not audited for inconsistency
15Sep26_folders,Reference Parameter_v1.0.xlsx,NR Performance,5G,Others,NRDUCELLDLSCH,DL_RETRANS_PRECISE_RB_CTRL_SW@DLSCHALGOSWITCH,,No Recommend Value,5G_ConfigurationData_15Sep26.xlsb,NRDUCellDlSch,Downlink Schedule Algorithm Switch,DL_RETRANS_PRECISE_RB_CTRL_SW,673,0,0,5G_ConfigurationData_15Sep26.xlsb: 1 (672) | 5G_ConfigurationData_15Sep26.xlsb: 0 (1),5G_ConfigurationData_15Sep26.xlsb: Reference recommend value is empty; parameter not audited for inconsistency
15Sep26_folders,Reference Parameter_v1.0.xlsx,NR Performance,5G,Others,NRDUCELLALGOSWITCH,PUSCH_BEAM_DOMAIN_ENH_SW@FULLCHANNELCOVENHSWITCH,1,Mixed / Partial,5G_ConfigurationData_15Sep26.xlsb,NRDUCellAlgoSwitch,Full Channel Coverage Enhancement Switch,PUSCH_BEAM_DOMAIN_ENH_SW,673,672,1,5G_ConfigurationData_15Sep26.xlsb: 1 (672) | 5G_ConfigurationData_15Sep26.xlsb: 0 (1),5G_ConfigurationData_15Sep26.xlsb: OK
15Sep26_folders,Reference Parameter_v1.0.xlsx,NR Performance,5G,Others,NRDUCELLDLAMC,DL_SRS_CAP_BASED_BF_GAIN_SW@DLMCSSELALGOSW,1,Inconsistent,5G_ConfigurationData_15Sep26.xlsb,NRDUCellDlAmc,DL MCS Selection Algorithm Switch,DL_SRS_CAP_BASED_BF_GAIN_SW,673,0,673,5G_ConfigurationData_15Sep26.xlsb: <BIT_MISSING:DL_SRS_CAP_BASED_BF_GAIN_SW> (673),Bit DL_SRS_CAP_BASED_BF_GAIN_SW is not present in the packed switch on NRDUCellDlAmc / DL MCS Selection Algorithm Switch for this software version.
15Sep26_folders,Reference Parameter_v1.0.xlsx,NR Performance,5G,Others,NRDUCELLPDSCH,CCE_BASED_SU_PDSCH_BAL_SCH_SW@DLPDSCHALGOSWITCH,1,Mixed / Partial,5G_ConfigurationData_15Sep26.xlsb,NRDUCellPdsch,Downlink PDSCH Algorithm Switch,CCE_BASED_SU_PDSCH_BAL_SCH_SW,673,672,1,5G_ConfigurationData_15Sep26.xlsb: 1 (672) | 5G_ConfigurationData_15Sep26.xlsb: 0 (1),5G_ConfigurationData_15Sep26.xlsb: OK
15Sep26_folders,Reference Parameter_v1.0.xlsx,NR Performance,5G,Others,NRDUCELLPDSCH,DL_INIT_MCS_ADJ_SW@DLLINKADAPTALGOSWITCH,1,Mixed / Partial,5G_ConfigurationData_15Sep26.xlsb,NRDUCellPdsch,DL Link Adaptation Algorithm Switch,DL_INIT_MCS_ADJ_SW,673,669,4,5G_ConfigurationData_15Sep26.xlsb: 1 (669) | 5G_ConfigurationData_15Sep26.xlsb: 0 (4),5G_ConfigurationData_15Sep26.xlsb: OK
15Sep26_folders,Reference Parameter_v1.0.xlsx,NR Performance,5G,Others,NRDUCELLCSIRS,CSIPERIOD,,No Recommend Value,5G_ConfigurationData_15Sep26.xlsb,NRDUCellCsirs,CSI Period(slot),,673,0,0,5G_ConfigurationData_15Sep26.xlsb: SLOT40 (656) | 5G_ConfigurationData_15Sep26.xlsb: SLOT10 (17),5G_ConfigurationData_15Sep26.xlsb: Reference recommend value is empty; parameter not audited for inconsistency
15Sep26_folders,Reference Parameter_v1.0.xlsx,NR Performance,5G,Others,NRDUCELLCSIRS,NCELLCSIRSINTRFAVOID,,No Recommend Value,5G_ConfigurationData_15Sep26.xlsb,NRDUCellCsirs,NCell CSI-RS Interference Avoidance,,673,0,0,5G_ConfigurationData_15Sep26.xlsb: P_CELL (655) | 5G_ConfigurationData_15Sep26.xlsb: NO_AVOID (18),5G_ConfigurationData_15Sep26.xlsb: Reference recommend value is empty; parameter not audited for inconsistency
15Sep26_folders,Reference Parameter_v1.0.xlsx,NR Performance,5G,Others,NRDUCELLSRS,SRS_PERIOD_ADAPT_SW@SRSALGOSWITCH,0,Consistent,5G_ConfigurationData_15Sep26.xlsb,NRDUCellSrs,SRS Algorithm Switch,SRS_PERIOD_ADAPT_SW,673,673,0,5G_ConfigurationData_15Sep26.xlsb: 0 (673),5G_ConfigurationData_15Sep26.xlsb: OK
15Sep26_folders,Reference Parameter_v1.0.xlsx,NR Performance,5G,Others,NRDUCELLPDCCHALGO,PDCCHPRECODEENHPOLICY,,No Recommend Value,5G_ConfigurationData_15Sep26.xlsb,NRDUCellPdcchAlgo,PDCCH Precode Enh Policy,,673,0,0,5G_ConfigurationData_15Sep26.xlsb: ENH_PMI (672) | 5G_ConfigurationData_15Sep26.xlsb: ENH_OFF (1),5G_ConfigurationData_15Sep26.xlsb: Reference recommend value is empty; parameter not audited for inconsistency
15Sep26_folders,Reference Parameter_v1.0.xlsx,NR Performance,5G,Others,NRDUCELLSRS,SRS_INTRF_COORD_S_SLOT_SW@SRSALGOEXTSWITCH,,No Recommend Value,5G_ConfigurationData_15Sep26.xlsb,NRDUCellSrs,SRS Algorithm Extension Switch,SRS_INTRF_COORD_S_SLOT_SW,673,0,0,5G_ConfigurationData_15Sep26.xlsb: 1 (673),5G_ConfigurationData_15Sep26.xlsb: Reference recommend value is empty; parameter not audited for inconsistency
15Sep26_folders,Reference Parameter_v1.0.xlsx,NR Performance,5G,Others,NRDUCELLALGOSWITCH,PUSCH_TIME_DOMAIN_ENH_SW@FULLCHANNELCOVENHSWITCH,1,Mixed / Partial,5G_ConfigurationData_15Sep26.xlsb,NRDUCellAlgoSwitch,Full Channel Coverage Enhancement Switch,PUSCH_TIME_DOMAIN_ENH_SW,673,672,1,5G_ConfigurationData_15Sep26.xlsb: 1 (672) | 5G_ConfigurationData_15Sep26.xlsb: 0 (1),5G_ConfigurationData_15Sep26.xlsb: OK
15Sep26_folders,Reference Parameter_v1.0.xlsx,NR Performance,5G,Others,NRDUCELLULAMC,UL_SCH_AVG_SINR_OPT_SW@ULAMCALGOSW,1,Consistent,5G_ConfigurationData_15Sep26.xlsb,NRDUCellUlAmc,Uplink AMC Algorithm Switch,UL_SCH_AVG_SINR_OPT_SW,673,673,0,5G_ConfigurationData_15Sep26.xlsb: 1 (673),5G_ConfigurationData_15Sep26.xlsb: OK
15Sep26_folders,Reference Parameter_v1.0.xlsx,NR Performance,5G,Others,GNODEBPARAM,PDCP_SN_ABN_FULL_CONFIG_SW@COMPATIBILITYALGOSWITCH,1,Mixed / Partial,5G_ConfigurationData_15Sep26.xlsb,gNodeBParam,Compatibility Algorithm Switch,PDCP_SN_ABN_FULL_CONFIG_SW,240,239,1,5G_ConfigurationData_15Sep26.xlsb: 1 (239) | 5G_ConfigurationData_15Sep26.xlsb: 0 (1),5G_ConfigurationData_15Sep26.xlsb: OK
15Sep26_folders,Reference Parameter_v1.0.xlsx,NR Performance,5G,Others,GNODEBPARAM,UL_PDCP_SN_ABN_COMPT_OPT_SW@COMPATIBILITYALGOSWITCH,1,Mixed / Partial,5G_ConfigurationData_15Sep26.xlsb,gNodeBParam,Compatibility Algorithm Switch,UL_PDCP_SN_ABN_COMPT_OPT_SW,240,239,1,5G_ConfigurationData_15Sep26.xlsb: 1 (239) | 5G_ConfigurationData_15Sep26.xlsb: 0 (1),5G_ConfigurationData_15Sep26.xlsb: OK
15Sep26_folders,Reference Parameter_v1.0.xlsx,NR Performance,5G,Others,NRCELLALGOSWITCH,NSADCSWITCH,ON,Consistent,5G_ConfigurationData_15Sep26.xlsb,NRCellAlgoSwitch,NSA DC Switch,,673,673,0,5G_ConfigurationData_15Sep26.xlsb: ON (673),5G_ConfigurationData_15Sep26.xlsb: OK
15Sep26_folders,Reference Parameter_v1.0.xlsx,NR Performance,5G,Others,GNBX2SONCONFIG,X2SON_SETUP_SWITCH@X2SONCONFIGSWITCH,1,Consistent,5G_ConfigurationData_15Sep26.xlsb,gNBX2SonConfig,X2 SON Configuration Switch,X2SON_SETUP_SWITCH,240,240,0,5G_ConfigurationData_15Sep26.xlsb: 1 (240),5G_ConfigurationData_15Sep26.xlsb: OK
15Sep26_folders,Reference Parameter_v1.0.xlsx,NR Performance,5G,Others,NRDUCELLQCIBEARER,UEINACTIVITYTIMER,,No Recommend Value,5G_ConfigurationData_15Sep26.xlsb,NRDUCellQciBearer,UE Inactivity Timer(s),,11307,0,0,5G_ConfigurationData_15Sep26.xlsb: 10 (11307),5G_ConfigurationData_15Sep26.xlsb: Reference recommend value is empty; parameter not audited for inconsistency
15Sep26_folders,Reference Parameter_v1.0.xlsx,NR Performance,5G,Data Bearer,GNBPDCPPARAMGROUP,DLDATAPDCPSPLITMODE,,No Recommend Value,5G_ConfigurationData_15Sep26.xlsb,gNBPdcpParamGroup,Downlink Data PDCP Split Mode,,4800,0,0,5G_ConfigurationData_15Sep26.xlsb: SCG_ONLY (4560) | 5G_ConfigurationData_15Sep26.xlsb: SCG_AND_MCG (240),5G_ConfigurationData_15Sep26.xlsb: Reference recommend value is empty; parameter not audited for inconsistency
15Sep26_folders,Reference Parameter_v1.0.xlsx,NR Performance,5G,Others,GNBPDCPPARAMGROUP,ULDATASPLITPRIMARYPATH,SCG,Consistent,5G_ConfigurationData_15Sep26.xlsb,gNBPdcpParamGroup,Uplink Data Split Primary Path,,4800,4800,0,5G_ConfigurationData_15Sep26.xlsb: SCG (4800),5G_ConfigurationData_15Sep26.xlsb: OK
15Sep26_folders,Reference Parameter_v1.0.xlsx,NR Performance,5G,Others,GNBPDCPPARAMGROUP,ULDATASPLITTHRESHOLD,,No Recommend Value,5G_ConfigurationData_15Sep26.xlsb,gNBPdcpParamGroup,Uplink Data Split Threshold(byte),,4800,0,0,5G_ConfigurationData_15Sep26.xlsb: INFINITY (4560) | 5G_ConfigurationData_15Sep26.xlsb: BYTE1600 (211) | 5G_ConfigurationData_15Sep26.xlsb: BYTE204800 (10) | 5G_ConfigurationData_15Sep26.xlsb: BYTE51200 (10) | 5G_ConfigurationData_15Sep26.xlsb: BYTE102400 (9),5G_ConfigurationData_15Sep26.xlsb: Reference recommend value is empty; parameter not audited for inconsistency
15Sep26_folders,Reference Parameter_v1.0.xlsx,NR Performance,5G,Others,GNBPDCPPARAMGROUP,GNBPDCPREORDERINGTIMER,,No Recommend Value,5G_ConfigurationData_15Sep26.xlsb,gNBPdcpParamGroup,gNodeB PDCP Reordering Timer(ms),,4800,0,0,5G_ConfigurationData_15Sep26.xlsb: MS15 (1200) | 5G_ConfigurationData_15Sep26.xlsb: MS50 (960) | 5G_ConfigurationData_15Sep26.xlsb: MS180 (960) | 5G_ConfigurationData_15Sep26.xlsb: MS200 (480) | 5G_ConfigurationData_15Sep26.xlsb: MS20 (240) | 5G_ConfigurationData_15Sep26.xlsb: MS1500 (240) | 5G_ConfigurationData_15Sep26.xlsb: MS300 (240) | 5G_ConfigurationData_15Sep26.xlsb: MS500 (240) | 5G_ConfigurationData_15Sep26.xlsb: MS100 (240),5G_ConfigurationData_15Sep26.xlsb: Reference recommend value is empty; parameter not audited for inconsistency
15Sep26_folders,Reference Parameter_v1.0.xlsx,NR Performance,5G,Others,GNBPDCPPARAMGROUP,UEPDCPREORDERINGTIMER,,No Recommend Value,5G_ConfigurationData_15Sep26.xlsb,gNBPdcpParamGroup,UE PDCP Reordering Timer(ms),,4800,0,0,5G_ConfigurationData_15Sep26.xlsb: MS15 (1200) | 5G_ConfigurationData_15Sep26.xlsb: MS50 (960) | 5G_ConfigurationData_15Sep26.xlsb: MS180 (960) | 5G_ConfigurationData_15Sep26.xlsb: MS200 (480) | 5G_ConfigurationData_15Sep26.xlsb: MS20 (240) | 5G_ConfigurationData_15Sep26.xlsb: MS1500 (240) | 5G_ConfigurationData_15Sep26.xlsb: MS300 (240) | 5G_ConfigurationData_15Sep26.xlsb: MS500 (240) | 5G_ConfigurationData_15Sep26.xlsb: MS100 (240),5G_ConfigurationData_15Sep26.xlsb: Reference recommend value is empty; parameter not audited for inconsistency
15Sep26_folders,Reference Parameter_v1.0.xlsx,NR Performance,5G,Others,NRCELLQCIBEARER,RLCMODE,,No Recommend Value,5G_ConfigurationData_15Sep26.xlsb,NRCellQciBearer,RLC Mode,,11307,0,0,5G_ConfigurationData_15Sep26.xlsb: UM (5990) | 5G_ConfigurationData_15Sep26.xlsb: AM (5317),5G_ConfigurationData_15Sep26.xlsb: Reference recommend value is empty; parameter not audited for inconsistency
15Sep26_folders,Reference Parameter_v1.0.xlsx,NR Performance,5G,Others,GNBPDCPPARAMGROUP,DLPDCPSNSIZE,,No Recommend Value,5G_ConfigurationData_15Sep26.xlsb,gNBPdcpParamGroup,Downlink PDCP SN Size(bit),,4800,0,0,5G_ConfigurationData_15Sep26.xlsb: BITS18 (2640) | 5G_ConfigurationData_15Sep26.xlsb: BITS12 (2160),5G_ConfigurationData_15Sep26.xlsb: Reference recommend value is empty; parameter not audited for inconsistency
15Sep26_folders,Reference Parameter_v1.0.xlsx,NR Performance,5G,Others,GNBPDCPPARAMGROUP,DLPDCPDISCARDTIMER,,No Recommend Value,5G_ConfigurationData_15Sep26.xlsb,gNBPdcpParamGroup,Downlink PDCP Discard Timer(ms),,4800,0,0,5G_ConfigurationData_15Sep26.xlsb: MS150 (1920) | 5G_ConfigurationData_15Sep26.xlsb: MS300 (1200) | 5G_ConfigurationData_15Sep26.xlsb: INFINITY (1200) | 5G_ConfigurationData_15Sep26.xlsb: MS50 (480),5G_ConfigurationData_15Sep26.xlsb: Reference recommend value is empty; parameter not audited for inconsistency
15Sep26_folders,Reference Parameter_v1.0.xlsx,NR Performance,5G,Others,GNBRLCPARAMGROUP,RLCMODE,,No Recommend Value,5G_ConfigurationData_15Sep26.xlsb,gNBRlcParamGroup,RLC Mode,,3600,0,0,5G_ConfigurationData_15Sep26.xlsb: AM (2400) | 5G_ConfigurationData_15Sep26.xlsb: UM (1200),5G_ConfigurationData_15Sep26.xlsb: Reference recommend value is empty; parameter not audited for inconsistency
15Sep26_folders,Reference Parameter_v1.0.xlsx,NR Performance,5G,Others,GNBRLCPARAMGROUP,UEAMSTATUSRPTPROHIBITTMR,,No Recommend Value,5G_ConfigurationData_15Sep26.xlsb,gNBRlcParamGroup,AM Status Report Prohibit Timer for UE(ms),,3600,0,0,5G_ConfigurationData_15Sep26.xlsb: <EMPTY> (1200) | 5G_ConfigurationData_15Sep26.xlsb: MS40 (960) | 5G_ConfigurationData_15Sep26.xlsb: MS15 (960) | 5G_ConfigurationData_15Sep26.xlsb: MS0 (480),5G_ConfigurationData_15Sep26.xlsb: Reference recommend value is empty; parameter not audited for inconsistency
15Sep26_folders,Reference Parameter_v1.0.xlsx,NR Performance,5G,Others,GNBRLCPARAMGROUP,UERLCREASSEMBLYTIMER,,No Recommend Value,5G_ConfigurationData_15Sep26.xlsb,gNBRlcParamGroup,RLC Reassembly Timer for UE(ms),,3600,0,0,5G_ConfigurationData_15Sep26.xlsb: MS15 (1920) | 5G_ConfigurationData_15Sep26.xlsb: MS40 (1680),5G_ConfigurationData_15Sep26.xlsb: Reference recommend value is empty; parameter not audited for inconsistency
15Sep26_folders,Reference Parameter_v1.0.xlsx,NR Performance,5G,Others,GNODEBPARAM,INTRASITEMAXX2TRANSRATE,5,Consistent,5G_ConfigurationData_15Sep26.xlsb,gNodeBParam,Intra-Site Max X2 Transmission Rate(100Mbit/s),,240,240,0,5G_ConfigurationData_15Sep26.xlsb: 5 (240),5G_ConfigurationData_15Sep26.xlsb: OK
15Sep26_folders,Reference Parameter_v1.0.xlsx,NR Performance,5G,Others,GNODEBPARAM,MAXX2TRANSRATE,4,Consistent,5G_ConfigurationData_15Sep26.xlsb,gNodeBParam,Max X2 Transmission Rate(100Mbps),,240,240,0,5G_ConfigurationData_15Sep26.xlsb: 4 (240),5G_ConfigurationData_15Sep26.xlsb: OK
15Sep26_folders,Reference Parameter_v1.0.xlsx,NR Performance,5G,Others,NRDUCELLPDSCH,DLADDITIONALDMRSPOS,POS1,Consistent,5G_ConfigurationData_15Sep26.xlsb,NRDUCellPdsch,Downlink Additional DMRS Position,,673,673,0,5G_ConfigurationData_15Sep26.xlsb: POS1 (673),5G_ConfigurationData_15Sep26.xlsb: OK
15Sep26_folders,Reference Parameter_v1.0.xlsx,NR Performance,5G,Others,NRDUCELLPDSCH,DLDMRSCONFIGTYPE,TYPE2,Consistent,5G_ConfigurationData_15Sep26.xlsb,NRDUCellPdsch,Downlink DMRS Configuration Type,,673,673,0,5G_ConfigurationData_15Sep26.xlsb: TYPE2 (673),5G_ConfigurationData_15Sep26.xlsb: OK
15Sep26_folders,Reference Parameter_v1.0.xlsx,NR Performance,5G,Others,NRDUCELLCSIRS,CSIUSERPERIOD,SLOT40,Consistent,5G_ConfigurationData_15Sep26.xlsb,NRDUCellCsirs,User CSI Period,,673,673,0,5G_ConfigurationData_15Sep26.xlsb: SLOT40 (673),5G_ConfigurationData_15Sep26.xlsb: OK
15Sep26_folders,Reference Parameter_v1.0.xlsx,NR Performance,5G,Others,NRDUCELLPDSCH,DLTARGETIBLER,10,Consistent,5G_ConfigurationData_15Sep26.xlsb,NRDUCellPdsch,Downlink Target IBLER,,673,673,0,5G_ConfigurationData_15Sep26.xlsb: 10 (673),5G_ConfigurationData_15Sep26.xlsb: OK
15Sep26_folders,Reference Parameter_v1.0.xlsx,NR Performance,5G,Others,NRDUCELLPDSCH,DLINITMCS,4,Consistent,5G_ConfigurationData_15Sep26.xlsb,NRDUCellPdsch,Downlink Initial MCS,,673,673,0,5G_ConfigurationData_15Sep26.xlsb: 4 (673),5G_ConfigurationData_15Sep26.xlsb: OK
15Sep26_folders,Reference Parameter_v1.0.xlsx,NR Performance,5G,Others,NRDUCELLPDSCH,DLINITRANK,RANK1,Consistent,5G_ConfigurationData_15Sep26.xlsb,NRDUCellPdsch,Downlink Initial Rank,,673,673,0,5G_ConfigurationData_15Sep26.xlsb: RANK1 (673),5G_ConfigurationData_15Sep26.xlsb: OK
15Sep26_folders,Reference Parameter_v1.0.xlsx,NR Performance,5G,Others,NRDUCELLPDSCH,DLDMRSMAXLENGTH,,No Recommend Value,5G_ConfigurationData_15Sep26.xlsb,NRDUCellPdsch,Downlink DMRS Maximum Length,,673,0,0,5G_ConfigurationData_15Sep26.xlsb: 2SYMBOL (673),5G_ConfigurationData_15Sep26.xlsb: Reference recommend value is empty; parameter not audited for inconsistency
15Sep26_folders,Reference Parameter_v1.0.xlsx,NR Performance,5G,Others,NRDUCELLPDSCH,FIXEDWEIGHTTYPE,SRS_WEIGHT,Consistent,5G_ConfigurationData_15Sep26.xlsb,NRDUCellPdsch,Fixed Weight Type,,673,673,0,5G_ConfigurationData_15Sep26.xlsb: SRS_WEIGHT (673),5G_ConfigurationData_15Sep26.xlsb: OK
15Sep26_folders,Reference Parameter_v1.0.xlsx,NR Performance,5G,Others,NRDUCELLALGOSWITCH,DL_SU_MULTI_LAYER_SW@SUMIMOMULTIPLELAYERSW,1,Consistent,5G_ConfigurationData_15Sep26.xlsb,NRDUCellAlgoSwitch,SU-MIMO Multiple Layers Switch,DL_SU_MULTI_LAYER_SW,673,673,0,5G_ConfigurationData_15Sep26.xlsb: 1 (673),5G_ConfigurationData_15Sep26.xlsb: OK
15Sep26_folders,Reference Parameter_v1.0.xlsx,NR Performance,5G,Others,NRDUCELLPUSCH,ULTARGETIBLER,10,Consistent,5G_ConfigurationData_15Sep26.xlsb,NRDUCellPusch,Uplink Target IBLER,,673,673,0,5G_ConfigurationData_15Sep26.xlsb: 10 (673),5G_ConfigurationData_15Sep26.xlsb: OK
15Sep26_folders,Reference Parameter_v1.0.xlsx,NR Performance,5G,Others,NRDUCELLALGOSWITCH,UL256QAMSWITCH,UL_256QAM_FIXED,Consistent,5G_ConfigurationData_15Sep26.xlsb,NRDUCellAlgoSwitch,Uplink 256QAM Switch,,673,673,0,5G_ConfigurationData_15Sep26.xlsb: UL_256QAM_FIXED (673),5G_ConfigurationData_15Sep26.xlsb: OK
15Sep26_folders,Reference Parameter_v1.0.xlsx,NR Performance,5G,Others,NRDUCELLALGOSWITCH,UL_SU_MULTI_LAYER_SW@SUMIMOMULTIPLELAYERSW,1,Consistent,5G_ConfigurationData_15Sep26.xlsb,NRDUCellAlgoSwitch,SU-MIMO Multiple Layers Switch,UL_SU_MULTI_LAYER_SW,673,673,0,5G_ConfigurationData_15Sep26.xlsb: 1 (673),5G_ConfigurationData_15Sep26.xlsb: OK
15Sep26_folders,Reference Parameter_v1.0.xlsx,NR Performance,5G,Others,NRDUCELLPUSCH,ULADDITIONALDMRSPOS,,No Recommend Value,5G_ConfigurationData_15Sep26.xlsb,NRDUCellPusch,Uplink Additional DMRS Position,,673,0,0,5G_ConfigurationData_15Sep26.xlsb: POS1 (673),5G_ConfigurationData_15Sep26.xlsb: Reference recommend value is empty; parameter not audited for inconsistency
15Sep26_folders,Reference Parameter_v1.0.xlsx,NR Performance,5G,Others,NRDUCELLULPCCONFIG,PUSCH_NEARPOINT_PWR_PROTECT_SW@ULPWRCTRLALGOSWITCH,1,Mixed / Partial,5G_ConfigurationData_15Sep26.xlsb,NRDUCellUlPcConfig,Uplink Power Control Algorithm Switch,PUSCH_NEARPOINT_PWR_PROTECT_SW,673,672,1,5G_ConfigurationData_15Sep26.xlsb: 1 (672) | 5G_ConfigurationData_15Sep26.xlsb: 0 (1),5G_ConfigurationData_15Sep26.xlsb: OK
15Sep26_folders,Reference Parameter_v1.0.xlsx,NR Performance,5G,Others,NRDUCELLALGOSWITCH,DL256QAMSWITCH,ON,Consistent,5G_ConfigurationData_15Sep26.xlsb,NRDUCellAlgoSwitch,Downlink 256QAM Switch,,673,673,0,5G_ConfigurationData_15Sep26.xlsb: ON (673),5G_ConfigurationData_15Sep26.xlsb: OK
15Sep26_folders,Reference Parameter_v1.0.xlsx,NR Performance,5G,Others,NRDUCELLDLAMC,DL_MCS_ADJ_OPT_WT_CHANGE_SW@DLMCSSELALGOSW,1,Mixed / Partial,5G_ConfigurationData_15Sep26.xlsb,NRDUCellDlAmc,DL MCS Selection Algorithm Switch,DL_MCS_ADJ_OPT_WT_CHANGE_SW,673,670,3,5G_ConfigurationData_15Sep26.xlsb: 1 (670) | 5G_ConfigurationData_15Sep26.xlsb: 0 (3),5G_ConfigurationData_15Sep26.xlsb: OK
15Sep26_folders,Reference Parameter_v1.0.xlsx,NR Performance,5G,Others,NRDUCELLPDSCH,DL_TD_MCS_ADJ_SW@DLLINKADAPTALGOSWITCH,ON,Mixed / Partial,5G_ConfigurationData_15Sep26.xlsb,NRDUCellPdsch,DL Link Adaptation Algorithm Switch,DL_TD_MCS_ADJ_SW,673,639,34,5G_ConfigurationData_15Sep26.xlsb: 1 (639) | 5G_ConfigurationData_15Sep26.xlsb: 0 (34),5G_ConfigurationData_15Sep26.xlsb: OK
15Sep26_folders,Reference Parameter_v1.0.xlsx,NR Performance,5G,Others,NRDUCELLPDSCHPRECODE,SRSPRECODEUPTDELAYREDUPOL,,No Recommend Value,5G_ConfigurationData_15Sep26.xlsb,NRDUCellPdschPrecode,SRS Precode Update Delay Reduction Policy,,673,0,0,5G_ConfigurationData_15Sep26.xlsb: ALL (555) | 5G_ConfigurationData_15Sep26.xlsb: OFF (118),5G_ConfigurationData_15Sep26.xlsb: Reference recommend value is empty; parameter not audited for inconsistency
15Sep26_folders,Reference Parameter_v1.0.xlsx,NR Performance,5G,Others,NRDUCELLALGOSWITCH,DL_SU_PREDICT_MOBILITY_ENH_SW@SUMIMOMULTIPLELAYERSW,1,Mixed / Partial,5G_ConfigurationData_15Sep26.xlsb,NRDUCellAlgoSwitch,SU-MIMO Multiple Layers Switch,DL_SU_PREDICT_MOBILITY_ENH_SW,673,672,1,5G_ConfigurationData_15Sep26.xlsb: 1 (672) | 5G_ConfigurationData_15Sep26.xlsb: 0 (1),5G_ConfigurationData_15Sep26.xlsb: OK
15Sep26_folders,Reference Parameter_v1.0.xlsx,NR Performance,5G,Others,NRDUCELLPDSCH,PDCCH_RATEMATCH_SW@RATEMATCHSWITCH,0,Consistent,5G_ConfigurationData_15Sep26.xlsb,NRDUCellPdsch,Rate Match Switch,PDCCH_RATEMATCH_SW,673,673,0,5G_ConfigurationData_15Sep26.xlsb: 0 (673),5G_ConfigurationData_15Sep26.xlsb: OK
15Sep26_folders,Reference Parameter_v1.0.xlsx,NR Performance,5G,Others,NRDUCELLPDSCH,SSB_RATEMATCH_SW@RATEMATCHSWITCH,0,Consistent,5G_ConfigurationData_15Sep26.xlsb,NRDUCellPdsch,Rate Match Switch,SSB_RATEMATCH_SW,673,673,0,5G_ConfigurationData_15Sep26.xlsb: 0 (673),5G_ConfigurationData_15Sep26.xlsb: OK
15Sep26_folders,Reference Parameter_v1.0.xlsx,NR Performance,5G,Others,NRDUCELLPDSCH,CSIRS_RATEMATCH_SW@RATEMATCHSWITCH,1,Consistent,5G_ConfigurationData_15Sep26.xlsb,NRDUCellPdsch,Rate Match Switch,CSIRS_RATEMATCH_SW,673,673,0,5G_ConfigurationData_15Sep26.xlsb: 1 (673),5G_ConfigurationData_15Sep26.xlsb: OK
15Sep26_folders,Reference Parameter_v1.0.xlsx,NR Performance,5G,Others,NRDUCELLPDCCH,OCCUPIEDRBNUM,0,Consistent,5G_ConfigurationData_15Sep26.xlsb,NRDUCellPdcch,Number of Occupied RBs,,673,673,0,5G_ConfigurationData_15Sep26.xlsb: 0 (673),5G_ConfigurationData_15Sep26.xlsb: OK
15Sep26_folders,Reference Parameter_v1.0.xlsx,NR Performance,5G,Others,NRDUCELLALGOSWITCH,NSA_CELL_SIB1_SW@ALGOCOMPATIBILITYSWITCHEXT,1,Inconsistent,5G_ConfigurationData_15Sep26.xlsb,NRDUCellAlgoSwitch,Algorithm Compatibility Switch Extension,NSA_CELL_SIB1_SW,673,0,673,5G_ConfigurationData_15Sep26.xlsb: <BIT_MISSING:NSA_CELL_SIB1_SW> (673),Bit NSA_CELL_SIB1_SW is not present in the packed switch on NRDUCellAlgoSwitch / Algorithm Compatibility Switch Extension for this software version.
15Sep26_folders,Reference Parameter_v1.0.xlsx,NR Performance,5G,Others,NRDUCELLPDSCH,TRS_RATEMATCH_SW@RATEMATCHSWITCH,1,Consistent,5G_ConfigurationData_15Sep26.xlsb,NRDUCellPdsch,Rate Match Switch,TRS_RATEMATCH_SW,673,673,0,5G_ConfigurationData_15Sep26.xlsb: 1 (673),5G_ConfigurationData_15Sep26.xlsb: OK
15Sep26_folders,Reference Parameter_v1.0.xlsx,NR Performance,5G,Others,NRDUCELLCSIRS,TRSPERIOD,MS20,Consistent,5G_ConfigurationData_15Sep26.xlsb,NRDUCellCsirs,TRS Period(ms),,673,673,0,5G_ConfigurationData_15Sep26.xlsb: MS20 (673),5G_ConfigurationData_15Sep26.xlsb: OK
15Sep26_folders,Reference Parameter_v1.0.xlsx,NR Performance,5G,Others,NRDUCELLSRS,DL_BIG_PKT_SRS_RES_ALLOC_SW@SRSALGOEXTSWITCH,1,Mixed / Partial,5G_ConfigurationData_15Sep26.xlsb,NRDUCellSrs,SRS Algorithm Extension Switch,DL_BIG_PKT_SRS_RES_ALLOC_SW,673,552,121,5G_ConfigurationData_15Sep26.xlsb: 1 (552) | 5G_ConfigurationData_15Sep26.xlsb: 0 (121),5G_ConfigurationData_15Sep26.xlsb: OK
15Sep26_folders,Reference Parameter_v1.0.xlsx,NR Performance,5G,Others,NRDUCELLCORESET,COMMONCTRLRESRBNUM,,No Recommend Value,5G_ConfigurationData_15Sep26.xlsb,NRDUCellCoreset,Common Control Resource RB Number,,673,0,0,5G_ConfigurationData_15Sep26.xlsb: RB96 (572) | 5G_ConfigurationData_15Sep26.xlsb: RB48 (99) | 5G_ConfigurationData_15Sep26.xlsb: RB24 (2),5G_ConfigurationData_15Sep26.xlsb: Reference recommend value is empty; parameter not audited for inconsistency
15Sep26_folders,Reference Parameter_v1.0.xlsx,NR Performance,5G,Others,NRDUCELLPDCCHALGO,PDCCHMAXAGGLEVEL,AGG_LVL_8_16_ADAPT,Mixed / Partial,5G_ConfigurationData_15Sep26.xlsb,NRDUCellPdcchAlgo,PDCCH Maximum Aggregation Level,,673,672,1,5G_ConfigurationData_15Sep26.xlsb: AGG_LVL_8_16_ADAPT (672) | 5G_ConfigurationData_15Sep26.xlsb: AGG_LVL_16 (1),5G_ConfigurationData_15Sep26.xlsb: OK
15Sep26_folders,Reference Parameter_v1.0.xlsx,NR Performance,5G,Others,NRDUCELLPDCCH,OCCUPIEDSYMBOLNUM,2SYM,Consistent,5G_ConfigurationData_15Sep26.xlsb,NRDUCellPdcch,Occupied Symbol Number,,673,673,0,5G_ConfigurationData_15Sep26.xlsb: 2SYM (673),5G_ConfigurationData_15Sep26.xlsb: OK
15Sep26_folders,Reference Parameter_v1.0.xlsx,NR Performance,5G,Others,NRDUCELLPDCCH,PDCCH_RES_ALLOC_ENH_SW@PDCCHALGOSWITCH,1,Mixed / Partial,5G_ConfigurationData_15Sep26.xlsb,NRDUCellPdcch,PDCCH Algorithm Switch,PDCCH_RES_ALLOC_ENH_SW,673,642,31,5G_ConfigurationData_15Sep26.xlsb: 1 (642) | 5G_ConfigurationData_15Sep26.xlsb: 0 (31),5G_ConfigurationData_15Sep26.xlsb: OK
15Sep26_folders,Reference Parameter_v1.0.xlsx,NR Performance,5G,Others,NRDUCELLPDCCH,UE_PDCCH_SYM_NUM_ADAPT_SW@PDCCHALGOEXTSWITCH,0,Mixed / Partial,5G_ConfigurationData_15Sep26.xlsb,NRDUCellPdcch,PDCCH Algorithm Extension Switch,UE_PDCCH_SYM_NUM_ADAPT_SW,673,642,31,5G_ConfigurationData_15Sep26.xlsb: 0 (642) | 5G_ConfigurationData_15Sep26.xlsb: 1 (31),5G_ConfigurationData_15Sep26.xlsb: OK
15Sep26_folders,Reference Parameter_v1.0.xlsx,NR Performance,5G,Others,NRDUCELLPUSCH,DCI_EXTEND_UL_CONGEST_SW@ULPUSCHALGOSWITCH,1,Mixed / Partial,5G_ConfigurationData_15Sep26.xlsb,NRDUCellPusch,Uplink PUSCH Algorithm Switch,DCI_EXTEND_UL_CONGEST_SW,673,672,1,5G_ConfigurationData_15Sep26.xlsb: 1 (672) | 5G_ConfigurationData_15Sep26.xlsb: 0 (1),5G_ConfigurationData_15Sep26.xlsb: OK
15Sep26_folders,Reference Parameter_v1.0.xlsx,NR Performance,5G,Others,NRDUCELLPDCCHALGO,PDCCHEDGEPWRCTRLPOLICY,BASED_ON_CSI_RPT,Mixed / Partial,5G_ConfigurationData_15Sep26.xlsb,NRDUCellPdcchAlgo,PDCCH Edge Power Control Policy,,673,672,1,5G_ConfigurationData_15Sep26.xlsb: BASED_ON_CSI_RPT (672) | 5G_ConfigurationData_15Sep26.xlsb: BASED_ON_AGG_LVL (1),5G_ConfigurationData_15Sep26.xlsb: OK
15Sep26_folders,Reference Parameter_v1.0.xlsx,NR Performance,5G,Others,NRDUCELLPDCCH,PDCCH_AGG_LVL_OPT_SW@PDCCHALGOENHSWITCH,1,Mixed / Partial,5G_ConfigurationData_15Sep26.xlsb,NRDUCellPdcch,PDCCH Algorithm Enhancement Switch,PDCCH_AGG_LVL_OPT_SW,673,672,1,5G_ConfigurationData_15Sep26.xlsb: 1 (672) | 5G_ConfigurationData_15Sep26.xlsb: 0 (1),5G_ConfigurationData_15Sep26.xlsb: OK
15Sep26_folders,Reference Parameter_v1.0.xlsx,NR Performance,5G,Others,NRDUCELLDLMIMO,DL_MCS_TABLE_ADAPT_ENH_SW@DLMUMIMOSCHSUPPLEMENTSW,,No Recommend Value,5G_ConfigurationData_15Sep26.xlsb,NRDUCellDlMimo,DL MU-MIMO Scheduling Supplement Switch,DL_MCS_TABLE_ADAPT_ENH_SW,673,0,0,5G_ConfigurationData_15Sep26.xlsb: 1 (672) | 5G_ConfigurationData_15Sep26.xlsb: 0 (1),5G_ConfigurationData_15Sep26.xlsb: Reference recommend value is empty; parameter not audited for inconsistency
15Sep26_folders,Reference Parameter_v1.0.xlsx,NR Performance,5G,Others,NRDUCELLPDCCH,MAXPAIRLAYERNUM,,No Recommend Value,5G_ConfigurationData_15Sep26.xlsb,NRDUCellPdcch,Maximum Pairing Layer Number,,673,0,0,5G_ConfigurationData_15Sep26.xlsb: LAYER_2 (673),5G_ConfigurationData_15Sep26.xlsb: Reference recommend value is empty; parameter not audited for inconsistency
15Sep26_folders,Reference Parameter_v1.0.xlsx,NR Performance,5G,Others,NRDUCELLPDSCH,DLSRSMUMIMOFREQSELTHLD,,No Recommend Value,5G_ConfigurationData_15Sep26.xlsb,NRDUCellPdsch,DL SRS MU-MIMO Freq Selection Threshold(50ns),,673,0,0,5G_ConfigurationData_15Sep26.xlsb: 10 (673),5G_ConfigurationData_15Sep26.xlsb: Reference recommend value is empty; parameter not audited for inconsistency
15Sep26_folders,Reference Parameter_v1.0.xlsx,NR Performance,5G,Others,NRDUCELLPDSCH,DLMUMIMOGROUPMODE,,No Recommend Value,5G_ConfigurationData_15Sep26.xlsb,NRDUCellPdsch,DL MU-MIMO Group Mode,,673,0,0,5G_ConfigurationData_15Sep26.xlsb: ISOLATION_CORRELATION (673),5G_ConfigurationData_15Sep26.xlsb: Reference recommend value is empty; parameter not audited for inconsistency
15Sep26_folders,Reference Parameter_v1.0.xlsx,NR Performance,5G,Others,NRDUCELLPDSCH,DLMUGATHEROPTSW,,No Recommend Value,5G_ConfigurationData_15Sep26.xlsb,NRDUCellPdsch,DL Gathering MU-MIMO Optimization Switch,,673,0,0,5G_ConfigurationData_15Sep26.xlsb: OFF (619) | 5G_ConfigurationData_15Sep26.xlsb: ON (54),5G_ConfigurationData_15Sep26.xlsb: Reference recommend value is empty; parameter not audited for inconsistency
15Sep26_folders,Reference Parameter_v1.0.xlsx,NR Performance,5G,Others,NRDUCELLPDSCH,DLMIMOMCSOPTPOLICY,,No Recommend Value,5G_ConfigurationData_15Sep26.xlsb,NRDUCellPdsch,DL MIMO MCS Optimization Policy,,673,0,0,5G_ConfigurationData_15Sep26.xlsb: OFF (673),5G_ConfigurationData_15Sep26.xlsb: Reference recommend value is empty; parameter not audited for inconsistency
15Sep26_folders,Reference Parameter_v1.0.xlsx,NR Performance,5G,Others,NRDUCELLPDSCH,DLLOWTIMECORRMUSW,,No Recommend Value,5G_ConfigurationData_15Sep26.xlsb,NRDUCellPdsch,DL Low Time Correlated MU-MIMO Switch,,673,0,0,5G_ConfigurationData_15Sep26.xlsb: ON (672) | 5G_ConfigurationData_15Sep26.xlsb: OFF (1),5G_ConfigurationData_15Sep26.xlsb: Reference recommend value is empty; parameter not audited for inconsistency
15Sep26_folders,Reference Parameter_v1.0.xlsx,NR Performance,5G,Others,NRDUCELLDLMIMO,DL_SMALL_PACKET_MERGE_SW@DLMUMIMOSCHSUPPLEMENTSW,,No Recommend Value,5G_ConfigurationData_15Sep26.xlsb,NRDUCellDlMimo,DL MU-MIMO Scheduling Supplement Switch,DL_SMALL_PACKET_MERGE_SW,673,0,0,5G_ConfigurationData_15Sep26.xlsb: 1 (673),5G_ConfigurationData_15Sep26.xlsb: Reference recommend value is empty; parameter not audited for inconsistency
15Sep26_folders,Reference Parameter_v1.0.xlsx,NR Performance,5G,Others,NRDUCELLDLMIMO,DL_SE_SU_MU_MIMO_ADAPT_SW@DLMUMIMOSCHSUPPLEMENTSW,,No Recommend Value,5G_ConfigurationData_15Sep26.xlsb,NRDUCellDlMimo,DL MU-MIMO Scheduling Supplement Switch,DL_SE_SU_MU_MIMO_ADAPT_SW,673,0,0,5G_ConfigurationData_15Sep26.xlsb: 1 (673),5G_ConfigurationData_15Sep26.xlsb: Reference recommend value is empty; parameter not audited for inconsistency
15Sep26_folders,Reference Parameter_v1.0.xlsx,NR Performance,5G,Others,NRDUCELLDLMIMO,DLMUPRBUSAGETHLD,,No Recommend Value,5G_ConfigurationData_15Sep26.xlsb,NRDUCellDlMimo,DL MU-MIMO PRB Usage Threshold,,673,0,0,5G_ConfigurationData_15Sep26.xlsb: 0 (673),5G_ConfigurationData_15Sep26.xlsb: Reference recommend value is empty; parameter not audited for inconsistency
15Sep26_folders,Reference Parameter_v1.0.xlsx,NR Performance,5G,Others,NRDUCELLDLMIMO,DLMUBACKTOSUSETHLD,,No Recommend Value,5G_ConfigurationData_15Sep26.xlsb,NRDUCellDlMimo,DL MU-MIMO Back to SU-MIMO Gain Thld,,673,0,0,5G_ConfigurationData_15Sep26.xlsb: 5 (673),5G_ConfigurationData_15Sep26.xlsb: Reference recommend value is empty; parameter not audited for inconsistency
15Sep26_folders,Reference Parameter_v1.0.xlsx,NR Performance,5G,Others,NRDUCELLDLMIMO,DLMUPMIBEAMNUMTHLD,,No Recommend Value,5G_ConfigurationData_15Sep26.xlsb,NRDUCellDlMimo,DL PMI MU-MIMO UE Pairing Beam Num Thld,,673,0,0,5G_ConfigurationData_15Sep26.xlsb: 3 (673),5G_ConfigurationData_15Sep26.xlsb: Reference recommend value is empty; parameter not audited for inconsistency
15Sep26_folders,Reference Parameter_v1.0.xlsx,NR Performance,5G,Others,NRDUCELLDMRS,DLMUESTRBPOLICY,,No Recommend Value,5G_ConfigurationData_15Sep26.xlsb,NRDUCellDmrs,DL MU-MIMO RB Estimation Policy,,673,0,0,5G_ConfigurationData_15Sep26.xlsb: PSEUDOORTHOG_DMRS_ADAPT_DEDUCT (673),5G_ConfigurationData_15Sep26.xlsb: Reference recommend value is empty; parameter not audited for inconsistency
15Sep26_folders,Reference Parameter_v1.0.xlsx,NR Performance,5G,Others,NRDUCELLDLRANK,DLSRSMUMIMORANK,,No Recommend Value,5G_ConfigurationData_15Sep26.xlsb,NRDUCellDlRank,DL SRS MU-MIMO Rank,,673,0,0,5G_ConfigurationData_15Sep26.xlsb: RANK_2 (673),5G_ConfigurationData_15Sep26.xlsb: Reference recommend value is empty; parameter not audited for inconsistency
15Sep26_folders,Reference Parameter_v1.0.xlsx,NR Performance,5G,Others,NRDUCELLDLRANK,DLPMIMUMIMORANK,,No Recommend Value,5G_ConfigurationData_15Sep26.xlsb,NRDUCellDlRank,DL PMI MU-MIMO Rank,,673,0,0,5G_ConfigurationData_15Sep26.xlsb: RANK_2 (673),5G_ConfigurationData_15Sep26.xlsb: Reference recommend value is empty; parameter not audited for inconsistency
15Sep26_folders,Reference Parameter_v1.0.xlsx,NR Performance,5G,Others,NRDUCELLDLRANK,DLSRSMUMIMORANKMODE,,No Recommend Value,5G_ConfigurationData_15Sep26.xlsb,NRDUCellDlRank,DL SRS MU-MIMO Rank Mode,,673,0,0,5G_ConfigurationData_15Sep26.xlsb: RI_BASED_MU_RANK (619) | 5G_ConfigurationData_15Sep26.xlsb: ENHANCE_MU_RANK (54),5G_ConfigurationData_15Sep26.xlsb: Reference recommend value is empty; parameter not audited for inconsistency
15Sep26_folders,Reference Parameter_v1.0.xlsx,NR Performance,5G,Others,NRDUCELLDLSCH,HEAVY_LOAD_SCH_PRI_OPT_SW@DLSCHALGOSWITCH,,No Recommend Value,5G_ConfigurationData_15Sep26.xlsb,NRDUCellDlSch,Downlink Schedule Algorithm Switch,HEAVY_LOAD_SCH_PRI_OPT_SW,673,0,0,5G_ConfigurationData_15Sep26.xlsb: 1 (672) | 5G_ConfigurationData_15Sep26.xlsb: 0 (1),5G_ConfigurationData_15Sep26.xlsb: Reference recommend value is empty; parameter not audited for inconsistency
15Sep26_folders,Reference Parameter_v1.0.xlsx,NR Performance,5G,Others,NRDUCELLPDSCH,DLPMIMUMIMOSPACEISOTHLD,,No Recommend Value,5G_ConfigurationData_15Sep26.xlsb,NRDUCellPdsch,DL PMI MU-MIMO Space Isolation Threshold(0.1dB),,673,0,0,5G_ConfigurationData_15Sep26.xlsb: 140 (673),5G_ConfigurationData_15Sep26.xlsb: Reference recommend value is empty; parameter not audited for inconsistency
15Sep26_folders,Reference Parameter_v1.0.xlsx,NR Performance,5G,Others,NRDUCELLPDSCH,DLSRSMUMIMOSPACEISOTHLD,,No Recommend Value,5G_ConfigurationData_15Sep26.xlsb,NRDUCellPdsch,DL SRS MU-MIMO Space Isolation Threshold(0.1dB),,673,0,0,5G_ConfigurationData_15Sep26.xlsb: 50 (673),5G_ConfigurationData_15Sep26.xlsb: Reference recommend value is empty; parameter not audited for inconsistency
15Sep26_folders,Reference Parameter_v1.0.xlsx,NR Performance,5G,Others,NRDUCELLPDSCH,DLSRSMUMIMOCHANISOTHLD,,No Recommend Value,5G_ConfigurationData_15Sep26.xlsb,NRDUCellPdsch,DL MU-MIMO Channel Isolation Threshold,,673,0,0,5G_ConfigurationData_15Sep26.xlsb: 30 (673),5G_ConfigurationData_15Sep26.xlsb: Reference recommend value is empty; parameter not audited for inconsistency
15Sep26_folders,Reference Parameter_v1.0.xlsx,NR Performance,5G,Others,NRDUCELLDLMIMO,DLMUMIMOSRSPRESINRTHLD,,No Recommend Value,5G_ConfigurationData_15Sep26.xlsb,NRDUCellDlMimo,DL MU-MIMO SRS PreSINR Threshold(0.2dB),,673,0,0,5G_ConfigurationData_15Sep26.xlsb: -50 (673),5G_ConfigurationData_15Sep26.xlsb: Reference recommend value is empty; parameter not audited for inconsistency
15Sep26_folders,Reference Parameter_v1.0.xlsx,NR Performance,5G,Others,NRDUCELLPDSCH,MAXMIMOLAYERNUM,,No Recommend Value,5G_ConfigurationData_15Sep26.xlsb,NRDUCellPdsch,Downlink Maximum MIMO Layer Number Quota,,673,0,0,5G_ConfigurationData_15Sep26.xlsb: LAYER_16 (652) | 5G_ConfigurationData_15Sep26.xlsb: LAYER_DEFAULT (21),5G_ConfigurationData_15Sep26.xlsb: Reference recommend value is empty; parameter not audited for inconsistency
15Sep26_folders,Reference Parameter_v1.0.xlsx,NR Performance,5G,Others,NRDUCELLPUSCH,UL_INTRF_RANDOMIZED_SCH_ENH_SW@ULPUSCHALGOSWITCH,,No Recommend Value,5G_ConfigurationData_15Sep26.xlsb,NRDUCellPusch,Uplink PUSCH Algorithm Switch,UL_INTRF_RANDOMIZED_SCH_ENH_SW,673,0,0,5G_ConfigurationData_15Sep26.xlsb: 1 (673),5G_ConfigurationData_15Sep26.xlsb: Reference recommend value is empty; parameter not audited for inconsistency
15Sep26_folders,Reference Parameter_v1.0.xlsx,NR Performance,5G,Others,NRDUCELLULMIMO,ALIGNPAIRBIGSMLPKTRBTHLD,,No Recommend Value,5G_ConfigurationData_15Sep26.xlsb,NRDUCellUlMimo,Aligned Pair Big/Small Packet RB Threshold,,673,0,0,5G_ConfigurationData_15Sep26.xlsb: 20 (673),5G_ConfigurationData_15Sep26.xlsb: Reference recommend value is empty; parameter not audited for inconsistency
15Sep26_folders,Reference Parameter_v1.0.xlsx,NR Performance,5G,Others,NRDUCELLULMIMO,ALIGNPAIRSMLPKTRBEXTRATIO,,No Recommend Value,5G_ConfigurationData_15Sep26.xlsb,NRDUCellUlMimo,Aligned Pair Small Packet RB Ext Ratio,,673,0,0,5G_ConfigurationData_15Sep26.xlsb: 200 (673),5G_ConfigurationData_15Sep26.xlsb: Reference recommend value is empty; parameter not audited for inconsistency
15Sep26_folders,Reference Parameter_v1.0.xlsx,NR Performance,5G,Others,NRDUCELLULMIMO,ALIGNPAIRBIGPKTRBREDRATIO,,No Recommend Value,5G_ConfigurationData_15Sep26.xlsb,NRDUCellUlMimo,Aligned Pair Big Packet RB Reduce Ratio,,673,0,0,5G_ConfigurationData_15Sep26.xlsb: 50 (673),5G_ConfigurationData_15Sep26.xlsb: Reference recommend value is empty; parameter not audited for inconsistency
15Sep26_folders,Reference Parameter_v1.0.xlsx,NR Performance,5G,Others,NRDUCELLULMIMO,MUFREQSELSCHRBRATIOTHLD,,No Recommend Value,5G_ConfigurationData_15Sep26.xlsb,NRDUCellUlMimo,MU Freq Sel Scheduling RB Ratio Threshold,,673,0,0,5G_ConfigurationData_15Sep26.xlsb: 40 (673),5G_ConfigurationData_15Sep26.xlsb: Reference recommend value is empty; parameter not audited for inconsistency
15Sep26_folders,Reference Parameter_v1.0.xlsx,NR Performance,5G,Others,NRDUCELLULMIMO,MURBRATIOTHLD,,No Recommend Value,5G_ConfigurationData_15Sep26.xlsb,NRDUCellUlMimo,MU RB Ratio Threshold,,673,0,0,5G_ConfigurationData_15Sep26.xlsb: 40 (673),5G_ConfigurationData_15Sep26.xlsb: Reference recommend value is empty; parameter not audited for inconsistency
15Sep26_folders,Reference Parameter_v1.0.xlsx,NR Performance,5G,Others,NRDUCELLULMIMO,MU_BEAM_PAIR_OPT_SW@ULMUMIMOALGOSWITCH,,No Recommend Value,5G_ConfigurationData_15Sep26.xlsb,NRDUCellUlMimo,UL MU-MIMO Algorithm Switch,MU_BEAM_PAIR_OPT_SW,673,0,0,5G_ConfigurationData_15Sep26.xlsb: 1 (672) | 5G_ConfigurationData_15Sep26.xlsb: 0 (1),5G_ConfigurationData_15Sep26.xlsb: Reference recommend value is empty; parameter not audited for inconsistency
15Sep26_folders,Reference Parameter_v1.0.xlsx,NR Performance,5G,Others,NRDUCELLULMIMO,SML_PKT_ALIGN_PAIR_OPT_SW@ULMUMIMOALGOSWITCH,,No Recommend Value,5G_ConfigurationData_15Sep26.xlsb,NRDUCellUlMimo,UL MU-MIMO Algorithm Switch,SML_PKT_ALIGN_PAIR_OPT_SW,673,0,0,5G_ConfigurationData_15Sep26.xlsb: 1 (673),5G_ConfigurationData_15Sep26.xlsb: Reference recommend value is empty; parameter not audited for inconsistency
15Sep26_folders,Reference Parameter_v1.0.xlsx,NR Performance,5G,Others,NRDUCELLULMIMO,BIG_PKT_ALIGN_PAIR_OPT_SW@ULMUMIMOALGOSWITCH,,No Recommend Value,5G_ConfigurationData_15Sep26.xlsb,NRDUCellUlMimo,UL MU-MIMO Algorithm Switch,BIG_PKT_ALIGN_PAIR_OPT_SW,673,0,0,5G_ConfigurationData_15Sep26.xlsb: 1 (673),5G_ConfigurationData_15Sep26.xlsb: Reference recommend value is empty; parameter not audited for inconsistency
15Sep26_folders,Reference Parameter_v1.0.xlsx,NR Performance,5G,Others,NRDUCELLULMIMO,BIG_PKT_UE_FREQ_SEL_SCH_OPT_SW@ULMUMIMOALGOSWITCH,,No Recommend Value,5G_ConfigurationData_15Sep26.xlsb,NRDUCellUlMimo,UL MU-MIMO Algorithm Switch,BIG_PKT_UE_FREQ_SEL_SCH_OPT_SW,673,0,0,5G_ConfigurationData_15Sep26.xlsb: 1 (672) | 5G_ConfigurationData_15Sep26.xlsb: 0 (1),5G_ConfigurationData_15Sep26.xlsb: Reference recommend value is empty; parameter not audited for inconsistency
15Sep26_folders,Reference Parameter_v1.0.xlsx,NR Performance,5G,Others,NRDUCELLULMIMO,MU_MULTI_SLOT_PAIR_SW@ULMUMIMOALGOSWITCH,,No Recommend Value,5G_ConfigurationData_15Sep26.xlsb,NRDUCellUlMimo,UL MU-MIMO Algorithm Switch,MU_MULTI_SLOT_PAIR_SW,673,0,0,5G_ConfigurationData_15Sep26.xlsb: 1 (672) | 5G_ConfigurationData_15Sep26.xlsb: 0 (1),5G_ConfigurationData_15Sep26.xlsb: Reference recommend value is empty; parameter not audited for inconsistency
15Sep26_folders,Reference Parameter_v1.0.xlsx,NR Performance,5G,Others,NRDUCELLULMIMO,DIFF_FLDMRS_MAX_LENGTH_PAIR_SW@ULMUMIMOALGOSWITCH,,No Recommend Value,5G_ConfigurationData_15Sep26.xlsb,NRDUCellUlMimo,UL MU-MIMO Algorithm Switch,DIFF_FLDMRS_MAX_LENGTH_PAIR_SW,673,0,0,5G_ConfigurationData_15Sep26.xlsb: 1 (672) | 5G_ConfigurationData_15Sep26.xlsb: 0 (1),5G_ConfigurationData_15Sep26.xlsb: Reference recommend value is empty; parameter not audited for inconsistency
15Sep26_folders,Reference Parameter_v1.0.xlsx,NR Performance,5G,Others,NRDUCELLULMIMO,ULMUGATHEROPTGAINTHLD,,No Recommend Value,5G_ConfigurationData_15Sep26.xlsb,NRDUCellUlMimo,UL Gathering MU-MIMO Opt Gain Thld,,673,0,0,5G_ConfigurationData_15Sep26.xlsb: 100 (673),5G_ConfigurationData_15Sep26.xlsb: Reference recommend value is empty; parameter not audited for inconsistency
15Sep26_folders,Reference Parameter_v1.0.xlsx,NR Performance,5G,Others,NRDUCELLULAMC,MU_AMC_OPT_SW@ULAMCALGOSW,,No Recommend Value,5G_ConfigurationData_15Sep26.xlsb,NRDUCellUlAmc,Uplink AMC Algorithm Switch,MU_AMC_OPT_SW,673,0,0,5G_ConfigurationData_15Sep26.xlsb: 1 (673),5G_ConfigurationData_15Sep26.xlsb: Reference recommend value is empty; parameter not audited for inconsistency
15Sep26_folders,Reference Parameter_v1.0.xlsx,NR Performance,5G,Others,NRDUCELLULMIMO,ULMUMIMOCORRTHLD,,No Recommend Value,5G_ConfigurationData_15Sep26.xlsb,NRDUCellUlMimo,UL MU-MIMO Correlation Threshold,,673,0,0,5G_ConfigurationData_15Sep26.xlsb: 9 (673),5G_ConfigurationData_15Sep26.xlsb: Reference recommend value is empty; parameter not audited for inconsistency
15Sep26_folders,Reference Parameter_v1.0.xlsx,NR Performance,5G,Others,NRDUCELLULMIMO,ULMUMIMOSINRTHLD,,No Recommend Value,5G_ConfigurationData_15Sep26.xlsb,NRDUCellUlMimo,UL MU-MIMO SINR Threshold,,673,0,0,5G_ConfigurationData_15Sep26.xlsb: -20 (673),5G_ConfigurationData_15Sep26.xlsb: Reference recommend value is empty; parameter not audited for inconsistency
15Sep26_folders,Reference Parameter_v1.0.xlsx,NR Performance,5G,Others,NRDUCELLPUSCH,MAXMIMOLAYERCNT,,No Recommend Value,5G_ConfigurationData_15Sep26.xlsb,NRDUCellPusch,Uplink Maximum MIMO Layer Count Quota,,673,0,0,5G_ConfigurationData_15Sep26.xlsb: LAYER_8 (588) | 5G_ConfigurationData_15Sep26.xlsb: LAYER_4 (67) | 5G_ConfigurationData_15Sep26.xlsb: LAYER_2 (18),5G_ConfigurationData_15Sep26.xlsb: Reference recommend value is empty; parameter not audited for inconsistency
15Sep26_folders,Reference Parameter_v1.0.xlsx,NR Performance,5G,Others,NRDUCELLPDSCH,DLMUINITIALMCSADJVALUE,,No Recommend Value,5G_ConfigurationData_15Sep26.xlsb,NRDUCellPdsch,MU Downlink Initial MCS Adjust Value,,673,0,0,5G_ConfigurationData_15Sep26.xlsb: -2 (672) | 5G_ConfigurationData_15Sep26.xlsb: -4 (1),5G_ConfigurationData_15Sep26.xlsb: Reference recommend value is empty; parameter not audited for inconsistency
15Sep26_folders,Reference Parameter_v1.0.xlsx,NR Performance,5G,Others,NRDUCELLDLAMC,DLMUMIMOSIRSCALEFACTOR,,No Recommend Value,5G_ConfigurationData_15Sep26.xlsb,NRDUCellDlAmc,DL MU-MIMO SIR Scale Factor,,673,0,0,5G_ConfigurationData_15Sep26.xlsb: 10 (670) | 5G_ConfigurationData_15Sep26.xlsb: 0 (3),5G_ConfigurationData_15Sep26.xlsb: Reference recommend value is empty; parameter not audited for inconsistency
15Sep26_folders,Reference Parameter_v1.0.xlsx,NR Performance,5G,Others,NRDUCELLALGOSWITCH,UL_MU_MIMO_SW@MUMIMOSWITCH,,No Recommend Value,5G_ConfigurationData_15Sep26.xlsb,NRDUCellAlgoSwitch,MU-MIMO Switch,UL_MU_MIMO_SW,673,0,0,5G_ConfigurationData_15Sep26.xlsb: 1 (655) | 5G_ConfigurationData_15Sep26.xlsb: 0 (18),5G_ConfigurationData_15Sep26.xlsb: Reference recommend value is empty; parameter not audited for inconsistency
15Sep26_folders,Reference Parameter_v1.0.xlsx,NR Performance,5G,Others,NRDUCELLALGOSWITCH,PDCCH_MU_SW@MUMIMOSWITCH,,No Recommend Value,5G_ConfigurationData_15Sep26.xlsb,NRDUCellAlgoSwitch,MU-MIMO Switch,PDCCH_MU_SW,673,0,0,5G_ConfigurationData_15Sep26.xlsb: 1 (672) | 5G_ConfigurationData_15Sep26.xlsb: 0 (1),5G_ConfigurationData_15Sep26.xlsb: Reference recommend value is empty; parameter not audited for inconsistency
15Sep26_folders,Reference Parameter_v1.0.xlsx,NR Performance,5G,Others,NRDUCELLALGOSWITCH,DL_MU_MIMO_SW@MUMIMOSWITCH,,No Recommend Value,5G_ConfigurationData_15Sep26.xlsb,NRDUCellAlgoSwitch,MU-MIMO Switch,DL_MU_MIMO_SW,673,0,0,5G_ConfigurationData_15Sep26.xlsb: 1 (655) | 5G_ConfigurationData_15Sep26.xlsb: 0 (18),5G_ConfigurationData_15Sep26.xlsb: Reference recommend value is empty; parameter not audited for inconsistency
15Sep26_folders,Reference Parameter_v1.0.xlsx,NR Performance,5G,Others,GNBOAMPARAM,ABNUEULDATAERRORJUDGETHLD,5,Mixed / Partial,5G_ConfigurationData_15Sep26.xlsb,gNBOamParam,Abnormal UE UL Data Error Judge Threshold(%),,240,239,1,5G_ConfigurationData_15Sep26.xlsb: 5 (239) | 5G_ConfigurationData_15Sep26.xlsb: 0 (1),5G_ConfigurationData_15Sep26.xlsb: OK
15Sep26_folders,Reference Parameter_v1.0.xlsx,NR Performance,5G,MIMO,NRDUCELLALGOSWITCH,DL_PMI_SRS_ADAPT_SW@ADAPTIVEEDGEEXPENHSWITCH,1,Consistent,5G_ConfigurationData_15Sep26.xlsb,NRDUCellAlgoSwitch,Adaptive Edge Experience Enhance Switch,DL_PMI_SRS_ADAPT_SW,673,673,0,5G_ConfigurationData_15Sep26.xlsb: 1 (673),5G_ConfigurationData_15Sep26.xlsb: OK
15Sep26_folders,Reference Parameter_v1.0.xlsx,NR Performance,5G,Others,NRDUCELLALGOSWITCH,DL_SU_PWR_CTRL_ENH_SW@SUMIMOMULTIPLELAYERSW,1,Mixed / Partial,5G_ConfigurationData_15Sep26.xlsb,NRDUCellAlgoSwitch,SU-MIMO Multiple Layers Switch,DL_SU_PWR_CTRL_ENH_SW,673,672,1,5G_ConfigurationData_15Sep26.xlsb: 1 (672) | 5G_ConfigurationData_15Sep26.xlsb: 0 (1),5G_ConfigurationData_15Sep26.xlsb: OK
15Sep26_folders,Reference Parameter_v1.0.xlsx,NR Performance,5G,Others,NRDUCELLALGOSWITCH,DL_SU_MULTI_LAYER_PWR_CTRL_SW@SUMIMOMULTIPLELAYERSW,1,Mixed / Partial,5G_ConfigurationData_15Sep26.xlsb,NRDUCellAlgoSwitch,SU-MIMO Multiple Layers Switch,DL_SU_MULTI_LAYER_PWR_CTRL_SW,673,672,1,5G_ConfigurationData_15Sep26.xlsb: 1 (672) | 5G_ConfigurationData_15Sep26.xlsb: 0 (1),5G_ConfigurationData_15Sep26.xlsb: OK
15Sep26_folders,Reference Parameter_v1.0.xlsx,NR Performance,5G,Others,NRDUCELLDLRANK,DLRANK2INCSPCTEFFTHLD,95,Mixed / Partial,5G_ConfigurationData_15Sep26.xlsb,NRDUCellDlRank,DL Rank2 Increase Spectral Eff Thld,,673,672,1,5G_ConfigurationData_15Sep26.xlsb: 95 (672) | 5G_ConfigurationData_15Sep26.xlsb: 110 (1),5G_ConfigurationData_15Sep26.xlsb: OK
15Sep26_folders,Reference Parameter_v1.0.xlsx,NR Performance,5G,Others,NRDUCELLDLRANK,DLRANK3DECSPCTEFFTHLD,150,Mixed / Partial,5G_ConfigurationData_15Sep26.xlsb,NRDUCellDlRank,DL Rank3 Decrease Spectral Eff Thld,,673,672,1,5G_ConfigurationData_15Sep26.xlsb: 150 (672) | 5G_ConfigurationData_15Sep26.xlsb: 110 (1),5G_ConfigurationData_15Sep26.xlsb: OK
15Sep26_folders,Reference Parameter_v1.0.xlsx,NR Performance,5G,Others,NRDUCELLDLRANK,DLRANK3INCSPCTEFFTHLD,95,Mixed / Partial,5G_ConfigurationData_15Sep26.xlsb,NRDUCellDlRank,DL Rank3 Increase Spectral Eff Thld,,673,672,1,5G_ConfigurationData_15Sep26.xlsb: 95 (672) | 5G_ConfigurationData_15Sep26.xlsb: 110 (1),5G_ConfigurationData_15Sep26.xlsb: OK
15Sep26_folders,Reference Parameter_v1.0.xlsx,NR Performance,5G,Others,NRDUCELLDLRANK,DLRANK4DECSPCTEFFTHLD,150,Mixed / Partial,5G_ConfigurationData_15Sep26.xlsb,NRDUCellDlRank,DL Rank4 Decrease Spectral Eff Thld,,673,672,1,5G_ConfigurationData_15Sep26.xlsb: 150 (672) | 5G_ConfigurationData_15Sep26.xlsb: 110 (1),5G_ConfigurationData_15Sep26.xlsb: OK
15Sep26_folders,Reference Parameter_v1.0.xlsx,NR Performance,5G,Others,NRDUCELLDLRANK,DLRANKADAPTLAYERGAPTHLD,13,Mixed / Partial,5G_ConfigurationData_15Sep26.xlsb,NRDUCellDlRank,DL Rank Adaptation Layer Gap Threshold(dB),,673,672,1,5G_ConfigurationData_15Sep26.xlsb: 13 (672) | 5G_ConfigurationData_15Sep26.xlsb: 15 (1),5G_ConfigurationData_15Sep26.xlsb: OK
15Sep26_folders,Reference Parameter_v1.0.xlsx,NR Performance,5G,Others,NRDUCELLDLRANK,DLRANKADAPTMCSTHLD,8,Mixed / Partial,5G_ConfigurationData_15Sep26.xlsb,NRDUCellDlRank,DL Rank Adaptation MCS Threshold,,673,672,1,5G_ConfigurationData_15Sep26.xlsb: 8 (672) | 5G_ConfigurationData_15Sep26.xlsb: 9 (1),5G_ConfigurationData_15Sep26.xlsb: OK
15Sep26_folders,Reference Parameter_v1.0.xlsx,NR Performance,5G,Others,NRDUCELLDLRANK,DLRANKADAPTSPCTEFFCOEFF,14,Mixed / Partial,5G_ConfigurationData_15Sep26.xlsb,NRDUCellDlRank,DL Rank Adaptation Spct Eff Coefficient,,673,672,1,5G_ConfigurationData_15Sep26.xlsb: 14 (672) | 5G_ConfigurationData_15Sep26.xlsb: 8 (1),5G_ConfigurationData_15Sep26.xlsb: OK
15Sep26_folders,Reference Parameter_v1.0.xlsx,NR Performance,5G,Others,NRDUCELLDLRANK,DLRANKDETECTCORRTHLD,80,Consistent,5G_ConfigurationData_15Sep26.xlsb,NRDUCellDlRank,DL Rank Detection Correlation Threshold,,673,673,0,5G_ConfigurationData_15Sep26.xlsb: 80 (673),5G_ConfigurationData_15Sep26.xlsb: OK
15Sep26_folders,Reference Parameter_v1.0.xlsx,NR Performance,5G,Others,NRDUCELLSRS,USER_CHARACTER_SRS_ADAPT_SW@SRSALGOSWITCH,1,Consistent,5G_ConfigurationData_15Sep26.xlsb,NRDUCellSrs,SRS Algorithm Switch,USER_CHARACTER_SRS_ADAPT_SW,673,673,0,5G_ConfigurationData_15Sep26.xlsb: 1 (673),5G_ConfigurationData_15Sep26.xlsb: OK
15Sep26_folders,Reference Parameter_v1.0.xlsx,NR Performance,5G,Others,NRDUCELLSRS,SRS_RIM_INTRF_AVOID_SW@SRSALGOEXTSWITCH,1,Mixed / Partial,5G_ConfigurationData_15Sep26.xlsb,NRDUCellSrs,SRS Algorithm Extension Switch,SRS_RIM_INTRF_AVOID_SW,673,579,94,5G_ConfigurationData_15Sep26.xlsb: 1 (579) | 5G_ConfigurationData_15Sep26.xlsb: 0 (94),5G_ConfigurationData_15Sep26.xlsb: OK
15Sep26_folders,Reference Parameter_v1.0.xlsx,NR Performance,5G,Others,NRDUCELLPUCCH,HARQ_ACK_RES_SET0_SCH_OPT_SW@PUCCHPERFORMANCESW,1,Mixed / Partial,5G_ConfigurationData_15Sep26.xlsb,NRDUCellPucch,PUCCH Performance Switch,HARQ_ACK_RES_SET0_SCH_OPT_SW,673,672,1,5G_ConfigurationData_15Sep26.xlsb: 1 (672) | 5G_ConfigurationData_15Sep26.xlsb: 0 (1),5G_ConfigurationData_15Sep26.xlsb: OK
15Sep26_folders,Reference Parameter_v1.0.xlsx,NR Performance,5G,Others,NRDUCELLPUCCH,PUCCH_MRC_IRC_SW@PUCCHRECEIVEENHSWITCH,1,Mixed / Partial,5G_ConfigurationData_15Sep26.xlsb,NRDUCellPucch,PUCCH Receive Enhanced Switch,PUCCH_MRC_IRC_SW,673,642,31,5G_ConfigurationData_15Sep26.xlsb: 1 (642) | 5G_ConfigurationData_15Sep26.xlsb: 0 (31),5G_ConfigurationData_15Sep26.xlsb: OK
15Sep26_folders,Reference Parameter_v1.0.xlsx,NR Performance,5G,Others,NRDUCELLSRSMEAS,ULSRSMEASUSAGESWITCH,DTX_DETECT,Mixed / Partial,5G_ConfigurationData_15Sep26.xlsb,NRDUCellSrsMeas,UL SRS Measurement Usage Switch,,673,672,1,5G_ConfigurationData_15Sep26.xlsb: DTX_DETECT (672) | 5G_ConfigurationData_15Sep26.xlsb: OFF (1),5G_ConfigurationData_15Sep26.xlsb: OK
15Sep26_folders,Reference Parameter_v1.0.xlsx,NR Performance,5G,Others,NRDUCELLSERVEXP,FULLBUFFERUEULPRBUSAGETHLD,50,Mixed / Partial,5G_ConfigurationData_15Sep26.xlsb,NRDUCellServExp,Full Buffer UE UL PRB Usage Threshold(%),,673,672,1,5G_ConfigurationData_15Sep26.xlsb: 50 (672) | 5G_ConfigurationData_15Sep26.xlsb: 30 (1),5G_ConfigurationData_15Sep26.xlsb: OK
15Sep26_folders,Reference Parameter_v1.0.xlsx,NR Performance,5G,Others,NRDUCELLPUSCH,PUSCHSHAREPUCCHRESPOL,FULLY_SHARED_TIGHT_CONTROL,Mixed / Partial,5G_ConfigurationData_15Sep26.xlsb,NRDUCellPusch,PUCCH Resource Sharing with PUSCH Policy,,673,672,1,5G_ConfigurationData_15Sep26.xlsb: FULLY_SHARED_TIGHT_CONTROL (672) | 5G_ConfigurationData_15Sep26.xlsb: NOT_SHARED (1),5G_ConfigurationData_15Sep26.xlsb: OK
15Sep26_folders,Reference Parameter_v1.0.xlsx,NR Performance,5G,Others,NRDUCELLPUSCH,PUSCH_SHR_PRACH_FREQ_RES_SW@ULPUSCHALGOSWITCH,1,Mixed / Partial,5G_ConfigurationData_15Sep26.xlsb,NRDUCellPusch,Uplink PUSCH Algorithm Switch,PUSCH_SHR_PRACH_FREQ_RES_SW,673,672,1,5G_ConfigurationData_15Sep26.xlsb: 1 (672) | 5G_ConfigurationData_15Sep26.xlsb: 0 (1),5G_ConfigurationData_15Sep26.xlsb: OK
15Sep26_folders,Reference Parameter_v1.0.xlsx,NR Performance,5G,Others,NRCELLNSADCCONFIG,UL_FALLBACK_TO_LTE_SWITCH@NSADCALGOSWITCH,1,Consistent,5G_ConfigurationData_15Sep26.xlsb,NRCellNsaDcConfig,NSA DC Algorithm Switch,UL_FALLBACK_TO_LTE_SWITCH,673,673,0,5G_ConfigurationData_15Sep26.xlsb: 1 (673),5G_ConfigurationData_15Sep26.xlsb: OK
15Sep26_folders,Reference Parameter_v1.0.xlsx,NR Performance,5G,Others,NRDUCELLSRSMEAS,NSAULFACKTOLTESINRTHLD,110,Mixed / Partial,5G_ConfigurationData_15Sep26.xlsb,NRDUCellSrsMeas,NSA Uplink Fallback to LTE SINR Thld(0.1dB),,673,668,5,5G_ConfigurationData_15Sep26.xlsb: 110 (668) | 5G_ConfigurationData_15Sep26.xlsb: 30 (5),5G_ConfigurationData_15Sep26.xlsb: OK
15Sep26_folders,Reference Parameter_v1.0.xlsx,NR Performance,5G,Others,NRDUCELLSRSMEAS,NSAULFACKTOLTESINRHYST,30,Consistent,5G_ConfigurationData_15Sep26.xlsb,NRDUCellSrsMeas,NSA Uplink Fallback to LTE SINR Hyst(0.1dB),,673,673,0,5G_ConfigurationData_15Sep26.xlsb: 30 (673),5G_ConfigurationData_15Sep26.xlsb: OK
15Sep26_folders,Reference Parameter_v1.0.xlsx,NR Performance,5G,Others,NRDUCELLSRSMEAS,SRS_EQUALIZATION_SW@NSAULFBTOLTESINROPTSW,1,Consistent,5G_ConfigurationData_15Sep26.xlsb,NRDUCellSrsMeas,NSA UL Fallback to LTE SINR Opt Switch,SRS_EQUALIZATION_SW,673,673,0,5G_ConfigurationData_15Sep26.xlsb: 1 (673),5G_ConfigurationData_15Sep26.xlsb: OK
15Sep26_folders,Reference Parameter_v1.0.xlsx,NR Performance,5G,Others,NRDUCELLSRSMEAS,SRS_CORRECTION_BASED_ON_PHR_SW@NSAULFBTOLTESINROPTSW,1,Consistent,5G_ConfigurationData_15Sep26.xlsb,NRDUCellSrsMeas,NSA UL Fallback to LTE SINR Opt Switch,SRS_CORRECTION_BASED_ON_PHR_SW,673,673,0,5G_ConfigurationData_15Sep26.xlsb: 1 (673),5G_ConfigurationData_15Sep26.xlsb: OK
15Sep26_folders,Reference Parameter_v1.0.xlsx,NR Performance,5G,Others,NRCELLANR,NR_NR_ANR_NO_HO_AUTO_RES_SW@AnrAlgoSwitch,1,Mixed / Partial,5G_ConfigurationData_15Sep26.xlsb,NRCellAnr,ANR Algorithm Switch,NR_NR_ANR_NO_HO_AUTO_RES_SW,673,670,3,5G_ConfigurationData_15Sep26.xlsb: 1 (670) | 5G_ConfigurationData_15Sep26.xlsb: 0 (3),5G_ConfigurationData_15Sep26.xlsb: OK
15Sep26_folders,Reference Parameter_v1.0.xlsx,NR Performance,5G,Others,NRCELLANR,NrNCellHoNumThld,100,Consistent,5G_ConfigurationData_15Sep26.xlsb,NRCellAnr,NR Neighbor Cell Handover Number Thld,,673,673,0,5G_ConfigurationData_15Sep26.xlsb: 100 (673),5G_ConfigurationData_15Sep26.xlsb: OK
15Sep26_folders,Reference Parameter_v1.0.xlsx,NR Performance,5G,Others,NRCELLANR,N2NNoHoSuccRateThld,80,Mixed / Partial,5G_ConfigurationData_15Sep26.xlsb,NRCellAnr,NR to NR No Handover Success Rate Thld(%),,673,670,3,5G_ConfigurationData_15Sep26.xlsb: 80 (670) | 5G_ConfigurationData_15Sep26.xlsb: 0 (3),5G_ConfigurationData_15Sep26.xlsb: OK
15Sep26_folders,Reference Parameter_v1.0.xlsx,NR Performance,5G,Others,NRCELLANR,N2NNoHoConsecPrdThld,1,Consistent,5G_ConfigurationData_15Sep26.xlsb,NRCellAnr,NR to NR No Handover Consecutive Period Thld,,673,673,0,5G_ConfigurationData_15Sep26.xlsb: 1 (673),5G_ConfigurationData_15Sep26.xlsb: OK
15Sep26_folders,Reference Parameter_v1.0.xlsx,NR Performance,5G,Others,NRDUCELLCHNPWR,DMRS_PWR_ADAPT_SW@ChnPwrAlgoSwitch,1,Mixed / Partial,5G_ConfigurationData_15Sep26.xlsb,NRDUCellChnPwr,Channel Power Algorithm Switch,DMRS_PWR_ADAPT_SW,673,664,9,5G_ConfigurationData_15Sep26.xlsb: 1 (664) | 5G_ConfigurationData_15Sep26.xlsb: 0 (9),5G_ConfigurationData_15Sep26.xlsb: OK
15Sep26_folders,Reference Parameter_v1.0.xlsx,NR Performance,5G,Others,NRDUCELLULPCCONFIG,PoNominalPusch,-52,Mixed / Partial,5G_ConfigurationData_15Sep26.xlsb,NRDUCellUlPcConfig,PO Nominal PUSCH(2dBm),,673,664,9,5G_ConfigurationData_15Sep26.xlsb: -52 (664) | 5G_ConfigurationData_15Sep26.xlsb: -37 (9),5G_ConfigurationData_15Sep26.xlsb: OK
15Sep26_folders,Reference Parameter_v1.0.xlsx,NR Performance,5G,Others,NRDUCELLULPCCONFIG,PoNominalPucch,-54,Mixed / Partial,5G_ConfigurationData_15Sep26.xlsb,NRDUCellUlPcConfig,PO Nominal PUCCH(2dBm),,673,664,9,5G_ConfigurationData_15Sep26.xlsb: -54 (664) | 5G_ConfigurationData_15Sep26.xlsb: -50 (9),5G_ConfigurationData_15Sep26.xlsb: OK
15Sep26_folders,Reference Parameter_v1.0.xlsx,NR Performance,5G,Others,NRDUCELLULPCCONFIG,PreambleInitRxTargetPwr,-55,Mixed / Partial,5G_ConfigurationData_15Sep26.xlsb,NRDUCellUlPcConfig,Preamble Initial Received Target Power(2dBm),,673,664,9,5G_ConfigurationData_15Sep26.xlsb: -55 (664) | 5G_ConfigurationData_15Sep26.xlsb: -50 (9),5G_ConfigurationData_15Sep26.xlsb: OK
15Sep26_folders,Reference Parameter_v1.0.xlsx,NR Performance,5G,Others,NRDUCELLULPCCONFIG,PoSrs,-55,Mixed / Partial,5G_ConfigurationData_15Sep26.xlsb,NRDUCellUlPcConfig,SRS PO(2dBm),,673,664,9,5G_ConfigurationData_15Sep26.xlsb: -55 (664) | 5G_ConfigurationData_15Sep26.xlsb: -37 (9),5G_ConfigurationData_15Sep26.xlsb: OK
15Sep26_folders,Reference Parameter_v1.0.xlsx,NR Performance,5G,Others,NRDUCELLTRPBEAM,COVERAGESCENARIO,SCENARIO_8,Mixed / Partial,5G_ConfigurationData_15Sep26.xlsb,NRDUCellTrpBeam,Coverage Scenario,,673,656,17,5G_ConfigurationData_15Sep26.xlsb: SCENARIO_8 (656) | 5G_ConfigurationData_15Sep26.xlsb: EXPAND_SCENARIO_1 (17),5G_ConfigurationData_15Sep26.xlsb: OK
15Sep26_folders,Reference Parameter_v1.0.xlsx,NR Performance,5G,Others,NRCELLNSADCCONFIG,PscellA2RsrpThld,-115,Mixed / Partial,5G_ConfigurationData_15Sep26.xlsb,NRCellNsaDcConfig,PSCell A2 RSRP Threshold(dBm),,673,660,13,5G_ConfigurationData_15Sep26.xlsb: -115 (660) | 5G_ConfigurationData_15Sep26.xlsb: -121 (9) | 5G_ConfigurationData_15Sep26.xlsb: -111 (4),5G_ConfigurationData_15Sep26.xlsb: OK
15Sep26_folders,Reference Parameter_v1.0.xlsx,NR Performance,5G,Reporting,NRCellNsaDcConfig,NrDataVolumeRptCfg,600,Mixed / Partial,5G_ConfigurationData_15Sep26.xlsb,NRCellNsaDcConfig,NR Data Volume Reporting Config(s),,673,577,96,5G_ConfigurationData_15Sep26.xlsb: 600 (577) | 5G_ConfigurationData_15Sep26.xlsb: 0 (96),5G_ConfigurationData_15Sep26.xlsb: OK
15Sep26_folders,Reference Parameter_v1.0.xlsx,NR Performance,5G,Scheduling,NRCellNsaDcConfig,NsaDcAlgoSwitch@NSA_DC_PREALLOCATION_SW,0,Mixed / Partial,5G_ConfigurationData_15Sep26.xlsb,NRCellNsaDcConfig,NSA DC Algorithm Switch,NSA_DC_PREALLOCATION_SW,673,670,3,5G_ConfigurationData_15Sep26.xlsb: 0 (670) | 5G_ConfigurationData_15Sep26.xlsb: 1 (3),5G_ConfigurationData_15Sep26.xlsb: OK
15Sep26_folders,Reference Parameter_v1.0.xlsx,NR Performance,5G,Scheduling,NRDUCellPusch,UlPreallocationSwitch@UL_SMART_PREALLOCATION_SWITCH,1,Mixed / Partial,5G_ConfigurationData_15Sep26.xlsb,NRDUCellPusch,Uplink Preallocation Switch,UL_SMART_PREALLOCATION_SWITCH,673,655,18,5G_ConfigurationData_15Sep26.xlsb: 1 (655) | 5G_ConfigurationData_15Sep26.xlsb: 0 (18),5G_ConfigurationData_15Sep26.xlsb: OK
15Sep26_folders,Reference Parameter_v1.0.xlsx,NR Performance,5G,Scheduling,NRDUCellPusch,UlPreallocationSwitch@UL_REDCAP_PREALLOCATION_SW,1,Consistent,5G_ConfigurationData_15Sep26.xlsb,NRDUCellPusch,Uplink Preallocation Switch,UL_REDCAP_PREALLOCATION_SW,673,673,0,5G_ConfigurationData_15Sep26.xlsb: 1 (673),5G_ConfigurationData_15Sep26.xlsb: OK
15Sep26_folders,Reference Parameter_v1.0.xlsx,NR Performance,5G,MIMO,NRDUCellPdsch,SrsPreSinrJudgeThld,-100,Consistent,5G_ConfigurationData_15Sep26.xlsb,NRDUCellPdsch,SRS Pre-SINR Judge Threshold(0.2dB),,673,673,0,5G_ConfigurationData_15Sep26.xlsb: -100 (673),5G_ConfigurationData_15Sep26.xlsb: OK
15Sep26_folders,Reference Parameter_v1.0.xlsx,NR Anchor,4G,NSA Anchoring,NSADCMGMTCONFIG,NSA_DC_CAPABILITY_SWITCH@NSADCALGOSWITCH,,No Recommend Value,4G_ConfigurationData_15Sep26.xlsb,NsaDcMgmtConfig,NSA DC Algorithm Switch,NSA_DC_CAPABILITY_SWITCH,3473,0,0,4G_ConfigurationData_15Sep26.xlsb: 1 (1929) | 4G_ConfigurationData_15Sep26.xlsb: 0 (1544),4G_ConfigurationData_15Sep26.xlsb: Reference recommend value is empty; parameter not audited for inconsistency
15Sep26_folders,Reference Parameter_v1.0.xlsx,NR Anchor,4G,NSA Anchoring,NSADCMGMTCONFIG,NSA_PCC_ANCHORING_SWITCH@NSADCALGOSWITCH,1,Mixed / Partial,4G_ConfigurationData_15Sep26.xlsb,NsaDcMgmtConfig,NSA DC Algorithm Switch,NSA_PCC_ANCHORING_SWITCH,3473,3467,6,4G_ConfigurationData_15Sep26.xlsb: 1 (3467) | 4G_ConfigurationData_15Sep26.xlsb: 0 (6),4G_ConfigurationData_15Sep26.xlsb: OK
15Sep26_folders,Reference Parameter_v1.0.xlsx,NR Anchor,4G,NSA Anchoring,PCCFREQCFG,NSAPCCANCHORINGPRIORITY,,No Recommend Value,4G_ConfigurationData_15Sep26.xlsb,PccFreqCfg,NSA PCC Anchoring Priority,,1679,0,0,4G_ConfigurationData_15Sep26.xlsb: 0 (912) | 4G_ConfigurationData_15Sep26.xlsb: 5 (240) | 4G_ConfigurationData_15Sep26.xlsb: 2 (240) | 4G_ConfigurationData_15Sep26.xlsb: 4 (239) | 4G_ConfigurationData_15Sep26.xlsb: 1 (48),4G_ConfigurationData_15Sep26.xlsb: Reference recommend value is empty; parameter not audited for inconsistency
15Sep26_folders,Reference Parameter_v1.0.xlsx,NR Anchor,4G,NSA Anchoring,NSADCMGMTCONFIG,IDLE_MODE_NSA_PCC_ANCHORING_SW@NSADCALGOSWITCH,1,Mixed / Partial,4G_ConfigurationData_15Sep26.xlsb,NsaDcMgmtConfig,NSA DC Algorithm Switch,IDLE_MODE_NSA_PCC_ANCHORING_SW,3473,3467,6,4G_ConfigurationData_15Sep26.xlsb: 1 (3467) | 4G_ConfigurationData_15Sep26.xlsb: 0 (6),4G_ConfigurationData_15Sep26.xlsb: OK
15Sep26_folders,Reference Parameter_v1.0.xlsx,NR Anchor,4G,NSA Anchoring,NSADCMGMTCONFIG,IDLE_NSA_PCC_ANCHORING_OPT_SW@NSADCALGOEXTSWITCH,1,Consistent,4G_ConfigurationData_15Sep26.xlsb,NsaDcMgmtConfig,NSA DC Algorithm Extension Switch,IDLE_NSA_PCC_ANCHORING_OPT_SW,3473,3473,0,4G_ConfigurationData_15Sep26.xlsb: 1 (3473),4G_ConfigurationData_15Sep26.xlsb: OK
15Sep26_folders,Reference Parameter_v1.0.xlsx,NR Anchor,4G,NSA Anchoring,NSADCMGMTCONFIG,NSADCPCCANCHORINGPOLICY,BASED_ON_NR_COVERAGE,Mixed / Partial,4G_ConfigurationData_15Sep26.xlsb,NsaDcMgmtConfig,NSA DC PCC Anchoring Policy,,3473,3467,6,4G_ConfigurationData_15Sep26.xlsb: BASED_ON_NR_COVERAGE (3467) | 4G_ConfigurationData_15Sep26.xlsb: DEFAULT (6),4G_ConfigurationData_15Sep26.xlsb: OK
15Sep26_folders,Reference Parameter_v1.0.xlsx,NR Anchor,4G,NSA Anchoring,NSADCMGMTCONFIG,NSA_DC_STATE_PCC_ANCHORING_SW@NSADCALGOSWITCH,1,Consistent,4G_ConfigurationData_15Sep26.xlsb,NsaDcMgmtConfig,NSA DC Algorithm Switch,NSA_DC_STATE_PCC_ANCHORING_SW,3473,3473,0,4G_ConfigurationData_15Sep26.xlsb: 1 (3473),4G_ConfigurationData_15Sep26.xlsb: OK
15Sep26_folders,Reference Parameter_v1.0.xlsx,NR Anchor,4G,NSA Anchoring,NSADCMGMTCONFIG,NSA_DC_COV_HO_ENH_SW@NSADCALGOSWITCH,1,Mixed / Partial,4G_ConfigurationData_15Sep26.xlsb,NsaDcMgmtConfig,NSA DC Algorithm Switch,NSA_DC_COV_HO_ENH_SW,3473,3467,6,4G_ConfigurationData_15Sep26.xlsb: 1 (3467) | 4G_ConfigurationData_15Sep26.xlsb: 0 (6),4G_ConfigurationData_15Sep26.xlsb: OK
15Sep26_folders,Reference Parameter_v1.0.xlsx,NR Anchor,4G,NSA Anchoring,NSADCMGMTCONFIG,INSTANT_JUDGEMENT_SW@NSADCALGOEXTSWITCH,1,Mixed / Partial,4G_ConfigurationData_15Sep26.xlsb,NsaDcMgmtConfig,NSA DC Algorithm Extension Switch,INSTANT_JUDGEMENT_SW,3473,3467,6,4G_ConfigurationData_15Sep26.xlsb: 1 (3467) | 4G_ConfigurationData_15Sep26.xlsb: 0 (6),4G_ConfigurationData_15Sep26.xlsb: OK
15Sep26_folders,Reference Parameter_v1.0.xlsx,NR Anchor,4G,NSA Anchoring,NSADCMGMTCONFIG,PERIODIC_PCC_ANCHORING_SW@NSADCALGOSWITCH,1,Mixed / Partial,4G_ConfigurationData_15Sep26.xlsb,NsaDcMgmtConfig,NSA DC Algorithm Switch,PERIODIC_PCC_ANCHORING_SW,3473,3467,6,4G_ConfigurationData_15Sep26.xlsb: 1 (3467) | 4G_ConfigurationData_15Sep26.xlsb: 0 (6),4G_ConfigurationData_15Sep26.xlsb: OK
15Sep26_folders,Reference Parameter_v1.0.xlsx,NR Anchor,4G,NSA Anchoring,NSADCMGMTCONFIG,VOLUME_BASED_PCC_ANCHORING_SW@NSADCALGOEXTSWITCH,1,Consistent,4G_ConfigurationData_15Sep26.xlsb,NsaDcMgmtConfig,NSA DC Algorithm Extension Switch,VOLUME_BASED_PCC_ANCHORING_SW,3473,3473,0,4G_ConfigurationData_15Sep26.xlsb: 1 (3473),4G_ConfigurationData_15Sep26.xlsb: OK
15Sep26_folders,Reference Parameter_v1.0.xlsx,NR Anchor,4G,NSA Anchoring,NSADCMGMTCONFIG,NSADCPCCANCHORA1RSRPTHLD,255,Consistent,4G_ConfigurationData_15Sep26.xlsb,NsaDcMgmtConfig,NSA DC PCC Anchoring A1 RSRP Thld(dBm),,3473,3473,0,4G_ConfigurationData_15Sep26.xlsb: 255 (3473),4G_ConfigurationData_15Sep26.xlsb: OK
15Sep26_folders,Reference Parameter_v1.0.xlsx,NR Anchor,4G,NSA Anchoring,PCCFREQCFG,NSADCPCCA4RSRPTHLD,-115,Inconsistent,4G_ConfigurationData_15Sep26.xlsb,PccFreqCfg,NSA DC PCC A4 RSRP Threshold(dBm),,1679,0,1679,4G_ConfigurationData_15Sep26.xlsb: -128 (1679),4G_ConfigurationData_15Sep26.xlsb: OK
15Sep26_folders,Reference Parameter_v1.0.xlsx,NR Anchor,4G,Protocol,NSADCALGOPARAM,LNRCOMEASLTEMEASDURATION,2,Consistent,4G_ConfigurationData_15Sep26.xlsb,NsaDcAlgoParam,LNR Co-Meas LTE Measure Duration(s),,240,240,0,4G_ConfigurationData_15Sep26.xlsb: 2 (240),4G_ConfigurationData_15Sep26.xlsb: OK
15Sep26_folders,Reference Parameter_v1.0.xlsx,NR Anchor,4G,NSA Anchoring,NSADCMGMTCONFIG,NR_COV_PCC_ANCHORING_OPT_SW@NSADCALGOSWITCH,0,Consistent,4G_ConfigurationData_15Sep26.xlsb,NsaDcMgmtConfig,NSA DC Algorithm Switch,NR_COV_PCC_ANCHORING_OPT_SW,3473,3473,0,4G_ConfigurationData_15Sep26.xlsb: 0 (3473),4G_ConfigurationData_15Sep26.xlsb: OK
15Sep26_folders,Reference Parameter_v1.0.xlsx,NR Anchor,4G,NSA Anchoring,NSADCMGMTCONFIG,SCGADDITIONINTERVAL,10,Mixed / Partial,4G_ConfigurationData_15Sep26.xlsb,NsaDcMgmtConfig,SCG Addition Interval(s),,3473,3453,20,4G_ConfigurationData_15Sep26.xlsb: 10 (3453) | 4G_ConfigurationData_15Sep26.xlsb: 60 (20),4G_ConfigurationData_15Sep26.xlsb: OK
15Sep26_folders,Reference Parameter_v1.0.xlsx,NR Anchor,4G,SCG Addition,NSADCMGMTCONFIG,NSA_BLIND_SCG_ADDITION_SWITCH@NSADCALGOSWITCH,0,Consistent,4G_ConfigurationData_15Sep26.xlsb,NsaDcMgmtConfig,NSA DC Algorithm Switch,NSA_BLIND_SCG_ADDITION_SWITCH,3473,3473,0,4G_ConfigurationData_15Sep26.xlsb: 0 (3473),4G_ConfigurationData_15Sep26.xlsb: OK
15Sep26_folders,Reference Parameter_v1.0.xlsx,NR Anchor,4G,SCG Addition,NRNRELATIONSHIP,BLINDCONFIGINDICATOR,False,Consistent,4G_ConfigurationData_15Sep26.xlsb,NrNRelationship,Blind Configuration Indicator,,40529,40529,0,4G_ConfigurationData_15Sep26.xlsb: FALSE (40529),4G_ConfigurationData_15Sep26.xlsb: OK
15Sep26_folders,Reference Parameter_v1.0.xlsx,NR Anchor,4G,SCG Addition,NRSCGFREQCONFIG,NSADCB1THLDRSRP,-110,Consistent,4G_ConfigurationData_15Sep26.xlsb,NrScgFreqConfig,NSA DC B1 Event RSRP Threshold(dBm),,1678,1678,0,4G_ConfigurationData_15Sep26.xlsb: -110 (1678),4G_ConfigurationData_15Sep26.xlsb: OK
15Sep26_folders,Reference Parameter_v1.0.xlsx,NR Anchor,4G,SCG Addition,NRSCGFREQCONFIG,NRB1TIMETOTRIGGER,40MS,Consistent,4G_ConfigurationData_15Sep26.xlsb,NrScgFreqConfig,NR B1 Time To Trigger,,1678,1678,0,4G_ConfigurationData_15Sep26.xlsb: 40MS (1678),4G_ConfigurationData_15Sep26.xlsb: OK
15Sep26_folders,Reference Parameter_v1.0.xlsx,NR Anchor,4G,SCG Addition,NRSCGFREQCONFIG,NRB1REPORTWAITINGTIMER,3,Consistent,4G_ConfigurationData_15Sep26.xlsb,NrScgFreqConfig,NR B1 Report Waiting Timer(s),,1678,1678,0,4G_ConfigurationData_15Sep26.xlsb: 3 (1678),4G_ConfigurationData_15Sep26.xlsb: OK
15Sep26_folders,Reference Parameter_v1.0.xlsx,NR Anchor,4G,SCG Addition,NSADCMGMTCONFIG,NSADCSCGADDITIONPOLICY,HIGHEST_PRIORITY_FREQ,Consistent,4G_ConfigurationData_15Sep26.xlsb,NsaDcMgmtConfig,NSA DC SCG Addition Policy,,3473,3473,0,4G_ConfigurationData_15Sep26.xlsb: HIGHEST_PRIORITY_FREQ (3473),4G_ConfigurationData_15Sep26.xlsb: OK
15Sep26_folders,Reference Parameter_v1.0.xlsx,NR Anchor,4G,SCG Addition,NRSCGFREQCONFIG,SCGDLARFCNPRIORITY,7,Consistent,4G_ConfigurationData_15Sep26.xlsb,NrScgFreqConfig,*SCG DL ARFCN Priority,,1678,1678,0,4G_ConfigurationData_15Sep26.xlsb: 7 (1678),4G_ConfigurationData_15Sep26.xlsb: OK
15Sep26_folders,Reference Parameter_v1.0.xlsx,NR Anchor,4G,NSA Anchoring,NSADCMGMTCONFIG,NSA_DC_VOLUME_BASED_SCG_ADD_SW@NSADCALGOSWITCH,0,Consistent,4G_ConfigurationData_15Sep26.xlsb,NsaDcMgmtConfig,NSA DC Algorithm Switch,NSA_DC_VOLUME_BASED_SCG_ADD_SW,3473,3473,0,4G_ConfigurationData_15Sep26.xlsb: 0 (3473),4G_ConfigurationData_15Sep26.xlsb: OK
15Sep26_folders,Reference Parameter_v1.0.xlsx,NR Anchor,4G,NSA Anchoring,NSADCMGMTCONFIG,VOLUME_BASED_PERIODIC_TRIG_SW@NSADCALGOSWITCH,1,Consistent,4G_ConfigurationData_15Sep26.xlsb,NsaDcMgmtConfig,NSA DC Algorithm Switch,VOLUME_BASED_PERIODIC_TRIG_SW,3473,3473,0,4G_ConfigurationData_15Sep26.xlsb: 1 (3473),4G_ConfigurationData_15Sep26.xlsb: OK
15Sep26_folders,Reference Parameter_v1.0.xlsx,NR Anchor,4G,NSA Anchoring,NSADCMGMTCONFIG,SCGADDITIONBUFFERLENTHLD,10,Mixed / Partial,4G_ConfigurationData_15Sep26.xlsb,NsaDcMgmtConfig,SCG Addition Buffer Length Threshold(kB),,3473,2941,532,4G_ConfigurationData_15Sep26.xlsb: 10 (2941) | 4G_ConfigurationData_15Sep26.xlsb: 0 (532),4G_ConfigurationData_15Sep26.xlsb: OK
15Sep26_folders,Reference Parameter_v1.0.xlsx,NR Anchor,4G,NSA Anchoring,NSADCMGMTCONFIG,SCGADDITIONBUFFERDELAYTHLD,5,Consistent,4G_ConfigurationData_15Sep26.xlsb,NsaDcMgmtConfig,SCG Addition Buffer Delay Threshold(ms),,3473,3473,0,4G_ConfigurationData_15Sep26.xlsb: 5 (3473),4G_ConfigurationData_15Sep26.xlsb: OK
15Sep26_folders,Reference Parameter_v1.0.xlsx,NR Anchor,4G,SCG Addition,NSADCMGMTCONFIG,SCG_ADD_PCC_ANCHOR_VOL_OPT_SW@NSADCALGOEXTSWITCH,1,Mixed / Partial,4G_ConfigurationData_15Sep26.xlsb,NsaDcMgmtConfig,NSA DC Algorithm Extension Switch,SCG_ADD_PCC_ANCHOR_VOL_OPT_SW,3473,3467,6,4G_ConfigurationData_15Sep26.xlsb: 1 (3467) | 4G_ConfigurationData_15Sep26.xlsb: 0 (6),4G_ConfigurationData_15Sep26.xlsb: OK
15Sep26_folders,Reference Parameter_v1.0.xlsx,NR Anchor,4G,SCG Addition,NSADCMGMTCONFIG,SCGADDPENALTYPERIODCOUNT,0,Consistent,4G_ConfigurationData_15Sep26.xlsb,NsaDcMgmtConfig,SCG Addition Penalty Period Count,,3473,3473,0,4G_ConfigurationData_15Sep26.xlsb: 0 (3473),4G_ConfigurationData_15Sep26.xlsb: OK
15Sep26_folders,Reference Parameter_v1.0.xlsx,NR Anchor,4G,ANR,GLOBALPROCSWITCH,LTE_NR_X2_SON_SETUP_SW@INTERFACESETUPPOLICYSW,1,Consistent,4G_ConfigurationData_15Sep26.xlsb,GlobalProcSwitch,Interface Setup Policy Switch,LTE_NR_X2_SON_SETUP_SW,240,240,0,4G_ConfigurationData_15Sep26.xlsb: 1 (240),4G_ConfigurationData_15Sep26.xlsb: OK
15Sep26_folders,Reference Parameter_v1.0.xlsx,NR Anchor,4G,Data Bearer,CELLQCIPARA,NSADCDEFAULTBEARERMODE,,No Recommend Value,4G_ConfigurationData_15Sep26.xlsb,CellQciPara,NSA DC Default Bearer Mode,,52095,0,0,4G_ConfigurationData_15Sep26.xlsb: MCG_BEARER_EUTRA_PDCP (27730) | 4G_ConfigurationData_15Sep26.xlsb: SCG_SPLIT_BEARER (24365),4G_ConfigurationData_15Sep26.xlsb: Reference recommend value is empty; parameter not audited for inconsistency
15Sep26_folders,Reference Parameter_v1.0.xlsx,NR Anchor,4G,Secheduling,CELLDLSCHALGO,MCGHIGHLOADTHRESHOLD,100,Consistent,4G_ConfigurationData_15Sep26.xlsb,CellDlschAlgo,MCG High Load Threshold(%),,3473,3473,0,4G_ConfigurationData_15Sep26.xlsb: 100 (3473),4G_ConfigurationData_15Sep26.xlsb: OK
15Sep26_folders,Reference Parameter_v1.0.xlsx,NR Anchor,4G,NR Logo,NSADCMGMTCONFIG,UPPERLAYERINDICATIONSWITCH,,No Recommend Value,4G_ConfigurationData_15Sep26.xlsb,NsaDcMgmtConfig,Upper Layer Indication Switch,,3473,0,0,4G_ConfigurationData_15Sep26.xlsb: OFF (2081) | 4G_ConfigurationData_15Sep26.xlsb: ON (1392),4G_ConfigurationData_15Sep26.xlsb: Reference recommend value is empty; parameter not audited for inconsistency
15Sep26_folders,Reference Parameter_v1.0.xlsx,NR Anchor,4G,Protocol,NSADCMGMTCONFIG,FREQ_PRI_HO_SW@NSADCUELTEFUNACTIVATIONSW,0,Mixed / Partial,4G_ConfigurationData_15Sep26.xlsb,NsaDcMgmtConfig,NSA DC UE LTE Function Activation Switch,FREQ_PRI_HO_SW,3473,3467,6,4G_ConfigurationData_15Sep26.xlsb: 0 (3467) | 4G_ConfigurationData_15Sep26.xlsb: 1 (6),4G_ConfigurationData_15Sep26.xlsb: OK
15Sep26_folders,Reference Parameter_v1.0.xlsx,NR Anchor,4G,NSA Anchoring,CELLMLBUESEL,NSADCUESELECTIONSTRATEGY,LTE_UE_PREFERRED,Mixed / Partial,4G_ConfigurationData_15Sep26.xlsb,CellMlbUeSel,NSA DC UE Selection Strategy,,3473,3467,6,4G_ConfigurationData_15Sep26.xlsb: LTE_UE_PREFERRED (3467) | 4G_ConfigurationData_15Sep26.xlsb: LTE_NSA_DC_FAIR (6),4G_ConfigurationData_15Sep26.xlsb: OK
15Sep26_folders,Reference Parameter_v1.0.xlsx,NR Anchor,4G,Protocol,NSADCMGMTCONFIG,COV_BASED_DIRECTIONAL_HO_SW@NSADCUELTEFUNACTIVATIONSW,0,Mixed / Partial,4G_ConfigurationData_15Sep26.xlsb,NsaDcMgmtConfig,NSA DC UE LTE Function Activation Switch,COV_BASED_DIRECTIONAL_HO_SW,3473,3467,6,4G_ConfigurationData_15Sep26.xlsb: 0 (3467) | 4G_ConfigurationData_15Sep26.xlsb: 1 (6),4G_ConfigurationData_15Sep26.xlsb: OK
15Sep26_folders,Reference Parameter_v1.0.xlsx,NR Anchor,4G,SCG Release,ENODEBALGOEXTSWITCH,NRSCGINACTIVITYRELSTRATEGY,REL_UPON_LTE_INACTVTY_TMR_EXPN,Consistent,4G_ConfigurationData_15Sep26.xlsb,EnodebAlgoExtSwitch,NR SCG Inactivity Release Strategy,,240,240,0,4G_ConfigurationData_15Sep26.xlsb: REL_UPON_LTE_INACTVTY_TMR_EXPN (240),4G_ConfigurationData_15Sep26.xlsb: OK
15Sep26_folders,Reference Parameter_v1.0.xlsx,NR Anchor,4G,SCG Retain,NSADCALGOPARAM,FULL_CONFIG_FOR_SCG_FAIL_SW@NSADCALGOSWITCH,1,Consistent,4G_ConfigurationData_15Sep26.xlsb,NsaDcAlgoParam,NSA DC Algorithm Switch,FULL_CONFIG_FOR_SCG_FAIL_SW,240,240,0,4G_ConfigurationData_15Sep26.xlsb: 1 (240),4G_ConfigurationData_15Sep26.xlsb: OK
15Sep26_folders,Reference Parameter_v1.0.xlsx,NR Anchor,4G,Counter,ENODEBCOUNTERPARAGRP,SCG_REL_MEAS_OPT_SW@ENODEBCOUNTERALGOSWITCH,1,Consistent,4G_ConfigurationData_15Sep26.xlsb,EnodebCounterParaGrp,eNodeB Counter Algorithm Switch,SCG_REL_MEAS_OPT_SW,240,240,0,4G_ConfigurationData_15Sep26.xlsb: 1 (240),4G_ConfigurationData_15Sep26.xlsb: OK
15Sep26_folders,Reference Parameter_v1.0.xlsx,NR Anchor,4G,ANR,GLOBALPROCSWITCH,X2_SON_SETUP_NO_NR_NRT_SW@InterfaceSetupPolicySw,1,Consistent,4G_ConfigurationData_15Sep26.xlsb,GlobalProcSwitch,Interface Setup Policy Switch,X2_SON_SETUP_NO_NR_NRT_SW,240,240,0,4G_ConfigurationData_15Sep26.xlsb: 1 (240),4G_ConfigurationData_15Sep26.xlsb: OK
15Sep26_folders,Reference Parameter_v1.0.xlsx,NR Anchor,4G,ANR,CELLALGOSWITCH,NR_EVENT_ANR_SW@AnrFunctionSwitch,,No Recommend Value,4G_ConfigurationData_15Sep26.xlsb,CellAlgoSwitch,ANR Function Switch,NR_EVENT_ANR_SW,3473,0,0,4G_ConfigurationData_15Sep26.xlsb: 1 (1929) | 4G_ConfigurationData_15Sep26.xlsb: 0 (1544),4G_ConfigurationData_15Sep26.xlsb: Reference recommend value is empty; parameter not audited for inconsistency
15Sep26_folders,Reference Parameter_v1.0.xlsx,NR Anchor,4G,ANR,ANR,NR_DELREDUNDANCENCELL@NrtDelMode,ON,Mixed / Partial,4G_ConfigurationData_15Sep26.xlsb,ANR,NRT Delete Mode,NR_DELREDUNDANCENCELL,240,239,1,4G_ConfigurationData_15Sep26.xlsb: 1 (239) | 4G_ConfigurationData_15Sep26.xlsb: 0 (1),4G_ConfigurationData_15Sep26.xlsb: OK
15Sep26_folders,Reference Parameter_v1.0.xlsx,NR Anchor,4G,ANR,ANR,StaPeriodForIRatNRTDel,1440,Consistent,4G_ConfigurationData_15Sep26.xlsb,ANR,Stat Period For Inter-RAT Nrt Deletion(min),,240,240,0,4G_ConfigurationData_15Sep26.xlsb: 1440 (240),4G_ConfigurationData_15Sep26.xlsb: OK
15Sep26_folders,Reference Parameter_v1.0.xlsx,NR Anchor,4G,ANR,ANR,StaNumForIRatNRTDel,50,Consistent,4G_ConfigurationData_15Sep26.xlsb,ANR,Stat Number For Inter-RAT Nrt Deletion,,240,240,0,4G_ConfigurationData_15Sep26.xlsb: 50 (240),4G_ConfigurationData_15Sep26.xlsb: OK
15Sep26_folders,Reference Parameter_v1.0.xlsx,NR Anchor,4G,ANR,ENodeBAlgoSwitch,NsaDcPccAnchoringEventAnrSw@AnrSwitch,1,Consistent,4G_ConfigurationData_15Sep26.xlsb,ENodeBAlgoSwitch,ANR algorithm switch,NsaDcPccAnchoringEventAnrSw,240,240,0,4G_ConfigurationData_15Sep26.xlsb: 1 (240),4G_ConfigurationData_15Sep26.xlsb: OK
15Sep26_folders,Reference Parameter_v1.0.xlsx,NR Anchor,4G,ANR,NsaDcAlgoParam,NR_COV_PCC_ANCHOR_ANR_OPT_SW@NsaDcAlgoSwitch,1,Consistent,4G_ConfigurationData_15Sep26.xlsb,NsaDcAlgoParam,NSA DC Algorithm Switch,NR_COV_PCC_ANCHOR_ANR_OPT_SW,240,240,0,4G_ConfigurationData_15Sep26.xlsb: 1 (240),4G_ConfigurationData_15Sep26.xlsb: OK
15Sep26_folders,Reference Parameter_v1.0.xlsx,NR Anchor,4G,ANR,ANR,NcellDelPunishPeriod,10080,Consistent,4G_ConfigurationData_15Sep26.xlsb,ANR,Neighbor Cell Deletion Punish Period(min),,240,240,0,4G_ConfigurationData_15Sep26.xlsb: 10080 (240),4G_ConfigurationData_15Sep26.xlsb: OK
15Sep26_folders,Reference Parameter_v1.0.xlsx,NR Anchor,4G,ANR,ANR,EutranNcellDelPunNum,50,Mixed / Partial,4G_ConfigurationData_15Sep26.xlsb,ANR,EUTRAN Neighbor Cell Deletion Punish Number,,240,239,1,4G_ConfigurationData_15Sep26.xlsb: 50 (239) | 4G_ConfigurationData_15Sep26.xlsb: 100 (1),4G_ConfigurationData_15Sep26.xlsb: OK
15Sep26_folders,Reference Parameter_v1.0.xlsx,NR Anchor,4G,NSA Anchoring,MultiCarrUnifiedSch,SMART_CARRIER_SELECTION_SW@MultiCarrierUnifiedSchSw,1,Consistent,4G_ConfigurationData_15Sep26.xlsb,MultiCarrUnifiedSch,Multi-Carrier Unified Sch Switch,SMART_CARRIER_SELECTION_SW,240,240,0,4G_ConfigurationData_15Sep26.xlsb: 1 (240),4G_ConfigurationData_15Sep26.xlsb: OK
15Sep26_folders,Reference Parameter_v1.0.xlsx,NR Anchor,4G,NSA Anchoring,IntraRatHoComm,InterFreqHoA4TrigQuan,RSRP ,Consistent,4G_ConfigurationData_15Sep26.xlsb,IntraRatHoComm,A4 Measurement Trigger Quantity,,240,240,0,4G_ConfigurationData_15Sep26.xlsb: RSRP (240),4G_ConfigurationData_15Sep26.xlsb: OK
15Sep26_folders,Reference Parameter_v1.0.xlsx,NR Anchor,4G,NSA Anchoring,InterFreqHoGroup,InterFreqHoA4TimeToTrig,640ms,Mixed / Partial,4G_ConfigurationData_15Sep26.xlsb,InterFreqHoGroup,Interfreq HandOver Time to Trigger(ms),,6946,3874,3072,4G_ConfigurationData_15Sep26.xlsb: 640ms (3874) | 4G_ConfigurationData_15Sep26.xlsb: 1024ms (3072),4G_ConfigurationData_15Sep26.xlsb: OK
15Sep26_folders,Reference Parameter_v1.0.xlsx,NR Anchor,4G,SCG Addition,GlobalProcSwitch,ProtocolCompatibilitySw@NrB1MeasOptSw,0,Consistent,4G_ConfigurationData_15Sep26.xlsb,GlobalProcSwitch,Protocol Compatibility Switch,NrB1MeasOptSw,240,240,0,4G_ConfigurationData_15Sep26.xlsb: 0 (240),4G_ConfigurationData_15Sep26.xlsb: OK
15Sep26_folders,Reference Parameter_v1.0.xlsx,NR Anchor,4G,SCG Addition,GlobalProcSwitch,ProtocolCompatibilitySw@NrCapabilityParallelQuerySw,1,Consistent,4G_ConfigurationData_15Sep26.xlsb,GlobalProcSwitch,Protocol Compatibility Switch,NrCapabilityParallelQuerySw,240,240,0,4G_ConfigurationData_15Sep26.xlsb: 1 (240),4G_ConfigurationData_15Sep26.xlsb: OK
15Sep26_folders,Reference Parameter_v1.0.xlsx,NR Anchor,4G,SCG Addition,GlobalProcSwitch,ProtocolCompatibilitySw@LteNrCapbParallelQuerySw,0,Consistent,4G_ConfigurationData_15Sep26.xlsb,GlobalProcSwitch,Protocol Compatibility Switch,LteNrCapbParallelQuerySw,240,240,0,4G_ConfigurationData_15Sep26.xlsb: 0 (240),4G_ConfigurationData_15Sep26.xlsb: OK
15Sep26_folders,Reference Parameter_v1.0.xlsx,NR Anchor,4G,NSA VOLTE,NsaDcMgmtConfig,VolteUeScgMgmtStrategy,VOLTE_PREFERRED,Consistent,4G_ConfigurationData_15Sep26.xlsb,NsaDcMgmtConfig,VoLTE UE SCG Management Strategy,,3473,3473,0,4G_ConfigurationData_15Sep26.xlsb: VOLTE_PREFERRED (3473),4G_ConfigurationData_15Sep26.xlsb: OK
15Sep26_folders,Reference Parameter_v1.0.xlsx,NR Anchor,4G,NSA VOLTE,CellQciPara,QCI_REL_BASED_PCC_ANCHORING_SW@NsaDcOptSwitch,,No Recommend Value,4G_ConfigurationData_15Sep26.xlsb,CellQciPara,NSA DC Optimization Switch,QCI_REL_BASED_PCC_ANCHORING_SW,52095,0,0,4G_ConfigurationData_15Sep26.xlsb: 0 (46611) | 4G_ConfigurationData_15Sep26.xlsb: 1 (5484),4G_ConfigurationData_15Sep26.xlsb: Reference recommend value is empty; parameter not audited for inconsistency
15Sep26_folders,Reference Parameter_v1.0.xlsx,NR Anchor,4G,NSA VOLTE,CellQciPara,QCI_VOLTE_SCG_COEXIST_SW@NsaDcOptSwitch,0,Consistent,4G_ConfigurationData_15Sep26.xlsb,CellQciPara,NSA DC Optimization Switch,QCI_VOLTE_SCG_COEXIST_SW,52095,52095,0,4G_ConfigurationData_15Sep26.xlsb: 0 (52095),4G_ConfigurationData_15Sep26.xlsb: OK
15Sep26_folders,Reference Parameter_v1.0.xlsx,NR Anchor,4G,LTE CA+NR,NsaDcMgmtConfig,NsaDcLteScellActBfrLenThld,1,Mixed / Partial,4G_ConfigurationData_15Sep26.xlsb,NsaDcMgmtConfig,NSA DC LTE SCell Activation Buffer Length Thld(kB),,3473,2643,830,4G_ConfigurationData_15Sep26.xlsb: 1 (2643) | 4G_ConfigurationData_15Sep26.xlsb: 0 (830),4G_ConfigurationData_15Sep26.xlsb: OK
15Sep26_folders,Reference Parameter_v1.0.xlsx,NR Anchor,4G,LTE CA+NR,NsaDcMgmtConfig,NsaDcLteScellActBfrDelThld,3,Mixed / Partial,4G_ConfigurationData_15Sep26.xlsb,NsaDcMgmtConfig,NSA DC LTE SCell Activation Buffer Delay Thld(ms),,3473,2643,830,4G_ConfigurationData_15Sep26.xlsb: 3 (2643) | 4G_ConfigurationData_15Sep26.xlsb: 5 (830),4G_ConfigurationData_15Sep26.xlsb: OK
15Sep26_folders,Reference Parameter_v1.0.xlsx,NR Anchor,4G,NSA Anchoring,NrMfbiFreq,DlArfcn,N41,Inconsistent,4G_ConfigurationData_15Sep26.xlsb,NrMfbiFreq,*Downlink ARFCN,,195,0,195,4G_ConfigurationData_15Sep26.xlsb: 528990 (195),"Recommend is a band name, but DlArfcn in the dump is a numeric ARFCN. Actual: 4G_ConfigurationData_15Sep26.xlsb: 528990 (195). Check Frequency Band on the same MO."
15Sep26_folders,Reference Parameter_v1.0.xlsx,NR Anchor,4G,NSA Anchoring,NrMfbiFreq,FrequencyBand,NULL,Inconsistent,4G_ConfigurationData_15Sep26.xlsb,NrMfbiFreq,*Frequency Band,,195,0,195,4G_ConfigurationData_15Sep26.xlsb: N41 (195),Recommend does not match Frequency Band in the dump. Actual: 4G_ConfigurationData_15Sep26.xlsb: N41 (195). Additional Frequency Band may be the intended NULL field.
15Sep26_folders,Reference Parameter_v1.0.xlsx,NR Anchor,4G,NSA Anchoring,NrExternalCell,NrNetworkingOption,NSA,Consistent,4G_ConfigurationData_15Sep26.xlsb,NrExternalCell,NR Networking Option,,10764,10764,0,4G_ConfigurationData_15Sep26.xlsb: NSA (10764),4G_ConfigurationData_15Sep26.xlsb: OK
15Sep26_folders,Reference Parameter_v1.0.xlsx,NR Anchor,4G,Data Bearer,CellRacThd,NsaArpOverride,0,Consistent,4G_ConfigurationData_15Sep26.xlsb,CellRacThd,NSA User ARP Override,,3473,3473,0,4G_ConfigurationData_15Sep26.xlsb: 0 (3473),4G_ConfigurationData_15Sep26.xlsb: OK
15Sep26_folders,Reference Parameter_v1.0.xlsx,NR Anchor,4G,Retainability,EnodebAlgoExtSwitch,ProtocolCompatibilityExtSw@RRC_REEST_FULL_CONFIG_SW,0,Consistent,4G_ConfigurationData_15Sep26.xlsb,EnodebAlgoExtSwitch,Protocol Compatibility Extended Switch,RRC_REEST_FULL_CONFIG_SW,240,240,0,4G_ConfigurationData_15Sep26.xlsb: 0 (240),4G_ConfigurationData_15Sep26.xlsb: OK
15Sep26_folders,Reference Parameter_v1.0.xlsx,NR Anchor,4G,Reporting,NsaDcMgmtConfig,NrDataVolumeRptCfg,600,Mixed / Partial,4G_ConfigurationData_15Sep26.xlsb,NsaDcMgmtConfig,NR Data Volume Reporting Config(s),,3473,2933,540,4G_ConfigurationData_15Sep26.xlsb: 600 (2933) | 4G_ConfigurationData_15Sep26.xlsb: 0 (540),4G_ConfigurationData_15Sep26.xlsb: OK
15Sep26_folders,Reference Parameter_v1.0.xlsx,NR Anchor,4G,ANR,X2BasedUptNcellCfgSwitch,MOD_NR_NCELL_CFG_SW,0,Consistent,4G_ConfigurationData_15Sep26.xlsb,GlobalProcSwitch,X2-based Neighboring Cell Configuration Update Switch,MOD_NR_NCELL_CFG_SW,240,240,0,4G_ConfigurationData_15Sep26.xlsb: 0 (240),4G_ConfigurationData_15Sep26.xlsb: OK
15Sep26_folders,Reference Parameter_v1.0.xlsx,NR Anchor,4G,ANR,X2BasedUptNcellCfgSwitch,DEL_NR_NCELL_CFG_SW,0,Consistent,4G_ConfigurationData_15Sep26.xlsb,GlobalProcSwitch,X2-based Neighboring Cell Configuration Update Switch,DEL_NR_NCELL_CFG_SW,240,240,0,4G_ConfigurationData_15Sep26.xlsb: 0 (240),4G_ConfigurationData_15Sep26.xlsb: OK
15Sep26_folders,Reference Parameter_v1.0.xlsx,NR Anchor,4G,ANR,X2BasedUptNcellCfgSwitch,UPT_NR_EXT_CELL_NW_OPT_CFG_SW,0,Consistent,4G_ConfigurationData_15Sep26.xlsb,GlobalProcSwitch,X2-based Neighboring Cell Configuration Update Switch,UPT_NR_EXT_CELL_NW_OPT_CFG_SW,240,240,0,4G_ConfigurationData_15Sep26.xlsb: 0 (240),4G_ConfigurationData_15Sep26.xlsb: OK
15Sep26_folders,Reference Parameter_v1.0.xlsx,NR Anchor,4G,Blacklisting,UeCompat,BlacklistControlExtSwitch1@NSA_DC_SWITCH,0,Mixed / Partial,4G_ConfigurationData_15Sep26.xlsb,UeCompat,Blacklist Control Extension Switch 1,NSA_DC_SWITCH,26,4,22,4G_ConfigurationData_15Sep26.xlsb: 1 (22) | 4G_ConfigurationData_15Sep26.xlsb: 0 (4),4G_ConfigurationData_15Sep26.xlsb: OK
15Sep26_folders,Reference Parameter_v1.0.xlsx,NR Anchor,4G,Protocol,NsaDcAlgoParam,NsaS1ProcConflCompatPolicy,RETRANSMIT,Consistent,4G_ConfigurationData_15Sep26.xlsb,NsaDcAlgoParam,NSA S1 Proc Conflict Compatibility Policy,,240,240,0,4G_ConfigurationData_15Sep26.xlsb: RETRANSMIT (240),4G_ConfigurationData_15Sep26.xlsb: OK
15Sep26_folders,Reference Parameter_v1.0.xlsx,NR Anchor,4G,SCG Addition,NsaDcMgmtConfig,PERIODIC_SCG_ADD_OPT_SW@NsaDcAlgoExtSwitch,1,Mixed / Partial,4G_ConfigurationData_15Sep26.xlsb,NsaDcMgmtConfig,NSA DC Algorithm Extension Switch,PERIODIC_SCG_ADD_OPT_SW,3473,2041,1432,4G_ConfigurationData_15Sep26.xlsb: 1 (2041) | 4G_ConfigurationData_15Sep26.xlsb: 0 (1432),4G_ConfigurationData_15Sep26.xlsb: OK
15Sep26_folders,Reference Parameter_v1.0.xlsx,NR Anchor,4G,Protocol,NSADCMGMTCONFIG,MBOCS_SW@NSADCUELTEFUNACTIVATIONSW,0,Mixed / Partial,4G_ConfigurationData_15Sep26.xlsb,NsaDcMgmtConfig,NSA DC UE LTE Function Activation Switch,MBOCS_SW,3473,2643,830,4G_ConfigurationData_15Sep26.xlsb: 0 (2643) | 4G_ConfigurationData_15Sep26.xlsb: 1 (830),4G_ConfigurationData_15Sep26.xlsb: OK
15Sep26_folders,Reference Parameter_v1.0.xlsx,NR Anchor,4G,Protocol,NSADCMGMTCONFIG,SPCT_COORD_INTER_FREQ_HO_SW@NSADCUELTEFUNACTIVATIONSW,1,Consistent,4G_ConfigurationData_15Sep26.xlsb,NsaDcMgmtConfig,NSA DC UE LTE Function Activation Switch,SPCT_COORD_INTER_FREQ_HO_SW,3473,3473,0,4G_ConfigurationData_15Sep26.xlsb: 1 (3473),4G_ConfigurationData_15Sep26.xlsb: OK
15Sep26_folders,Reference Parameter_v1.0.xlsx,NR Anchor,4G,ANR,GLOBALPROCSWITCH,X2_SON_INTER_OP_SETUP_FBD_SW@INTERFACESETUPPOLICYSW,0,Consistent,4G_ConfigurationData_15Sep26.xlsb,GlobalProcSwitch,Interface Setup Policy Switch,X2_SON_INTER_OP_SETUP_FBD_SW,240,240,0,4G_ConfigurationData_15Sep26.xlsb: 0 (240),4G_ConfigurationData_15Sep26.xlsb: OK
